date,receiver_bank,blood_group,component_type,closing_inventory,safety_stock,deficit_units,transfer_received,inventory_after_transfer,remaining_deficit,transfer_status,donor_bank,recommended_transfer_units,donor_wastage_risk,receiver_risk_score,recommended_action
2024-11-06,BB001,A+,Platelets,7,9.056850622238505,3,3,10.0,0.0,Resolved,BB005,3,0.910736938113947,0.5493222520518304,Transfer recommended
2024-11-07,BB001,A+,Platelets,3,8.96229012334567,6,6,9.0,0.0,Resolved,BB005,6,0.8556266309978939,0.6685421185574838,Transfer recommended
2024-11-08,BB001,A+,Platelets,1,8.921169175833663,8,8,9.0,0.0,Resolved,BB004,8,0.9062409618248634,0.692902010338954,Transfer recommended
2024-11-09,BB001,A+,Platelets,0,8.706782290848563,9,9,9.0,0.0,Resolved,BB005,9,0.9106980396579244,0.6971114348532392,Transfer recommended
2024-11-10,BB001,A+,Platelets,1,7.783247859324192,7,7,8.0,0.0,Resolved,BB005,7,0.8435175117410961,0.7037268034089319,Transfer recommended
2024-11-11,BB001,A+,Platelets,1,7.679070320579441,7,7,8.0,0.0,Resolved,BB005,7,0.8922853634700162,0.7010375865920164,Transfer recommended
2024-11-12,BB001,A+,Platelets,0,9.087344160340217,10,10,10.0,0.0,Resolved,BB005,10,0.930196263024044,0.7117195836850261,Transfer recommended
2024-11-13,BB001,A+,Platelets,0,9.07179667809436,10,10,10.0,0.0,Resolved,BB005,10,0.9415314643716596,0.7178205715649533,Transfer recommended
2024-11-14,BB001,A+,Platelets,4,9.07179667809436,6,6,10.0,0.0,Resolved,BB005,6,0.9419900217043768,0.7191866592064333,Transfer recommended
2024-11-15,BB001,A+,Platelets,0,9.033986621899722,10,10,10.0,0.0,Resolved,BB005,10,0.9196076113518875,0.6754489867012945,Transfer recommended
2024-11-16,BB001,A+,Platelets,1,9.072423561162836,9,9,10.0,0.0,Resolved,BB005,9,0.9300138956024467,0.7171249322589512,Transfer recommended
2024-11-17,BB001,A+,Platelets,5,9.359959482388776,5,5,10.0,0.0,Resolved,BB005,5,0.9391479149617264,0.7017152876479689,Transfer recommended
2024-11-18,BB001,A+,Platelets,0,9.275706649741068,10,10,10.0,0.0,Resolved,BB005,10,0.9510550644958148,0.6523905558148495,Transfer recommended
2024-12-14,BB001,A+,Platelets,8,9.410742447606097,2,2,10.0,0.0,Resolved,BB010,2,0.9474654510400778,0.5970462970871269,Transfer recommended
2024-12-15,BB001,A+,Platelets,0,9.658043190190988,10,10,10.0,0.0,Resolved,BB010,10,0.9474942081134305,0.7073711005637626,Transfer recommended
2024-12-01,BB001,A-,Platelets,0,1.0155395488117855,2,0,0.0,1.0155395488117855,Network Uncovered,,0,0.0,0.0,External replenishment required
2024-12-02,BB001,A-,Platelets,0,1.0155395488117855,2,2,2.0,0.0,Resolved,BB006,2,0.8645510039348548,0.6477886712696073,Transfer recommended
2024-12-03,BB001,A-,Platelets,0,1.0155395488117855,2,0,0.0,1.0155395488117855,Network Uncovered,,0,0.0,0.0,External replenishment required
2024-12-04,BB001,A-,Platelets,0,1.0155395488117855,2,0,0.0,1.0155395488117855,Network Uncovered,,0,0.0,0.0,External replenishment required
2024-12-05,BB001,A-,Platelets,0,1.0155395488117855,2,0,0.0,1.0155395488117855,Network Uncovered,,0,0.0,0.0,External replenishment required
2024-12-18,BB001,A-,Platelets,0,1.122605931963542,2,2,2.0,0.0,Resolved,BB002,2,0.8653425195642237,0.4474658900921027,Transfer recommended
2024-12-19,BB001,A-,Platelets,0,1.0978613922489802,2,0,0.0,1.0978613922489802,Network Uncovered,,0,0.0,0.0,External replenishment required
2024-10-01,BB001,AB+,Platelets,0,3.6646495658549463,4,3,3.0,0.6646495658549463,Resolved,BB003,3,0.9131362799659346,0.4511109536635192,Transfer recommended
2024-10-03,BB001,AB+,Platelets,2,3.631672876227491,2,2,4.0,0.0,Resolved,BB004,2,0.9441921154500154,0.5554968629282978,Transfer recommended
2024-10-05,BB001,AB+,Platelets,0,3.6445016881362338,4,4,4.0,0.0,Resolved,BB004,4,0.9552955650582873,0.6048108642422575,Transfer recommended
2024-10-06,BB001,AB+,Platelets,1,3.733989265627648,3,3,4.0,0.0,Resolved,BB004,3,0.9462172701484473,0.6816692369190115,Transfer recommended
2024-10-07,BB001,AB+,Platelets,0,4.084086141867477,5,5,5.0,0.0,Resolved,BB011,5,0.9243835603892888,0.6682026871593962,Transfer recommended
2024-11-12,BB001,AB+,Platelets,1,2.375334076647023,2,2,3.0,0.0,Resolved,BB007,2,0.9372614119294725,0.5366091890697107,Transfer recommended
2024-11-29,BB001,AB+,Platelets,0,2.296837756784346,3,3,3.0,0.0,Resolved,BB003,3,0.942427720692791,0.6351204095642196,Transfer recommended
2024-12-03,BB001,AB+,Platelets,0,3.0854027376575037,4,4,4.0,0.0,Resolved,BB003,4,0.9351952319972501,0.5385823542943149,Transfer recommended
2024-12-04,BB001,AB+,Platelets,0,3.930072598099613,4,4,4.0,0.0,Resolved,BB003,4,0.9240208851252641,0.6880821932500871,Transfer recommended
2024-12-06,BB001,AB+,Platelets,1,3.716901161253842,3,3,4.0,0.0,Resolved,BB003,3,0.9140463983885792,0.6337516548397075,Transfer recommended
2024-12-07,BB001,AB+,Platelets,2,3.6967532835351293,2,1,3.0,0.6967532835351293,Resolved,BB004,1,0.9107523542709898,0.6615360422736896,Transfer recommended
2024-12-08,BB001,AB+,Platelets,2,3.4608480871225473,2,2,4.0,0.0,Resolved,BB004,2,0.9122640234114459,0.6388377419048687,Transfer recommended
2024-12-09,BB001,AB+,Platelets,2,3.4608480871225473,2,2,4.0,0.0,Resolved,BB009,2,0.9421115476911971,0.6348593367742414,Transfer recommended
2024-12-10,BB001,AB+,Platelets,2,3.412323915249234,2,2,4.0,0.0,Resolved,BB003,2,0.9315915168804871,0.6169380250919136,Transfer recommended
2024-12-12,BB001,AB+,Platelets,1,3.412323915249234,3,3,4.0,0.0,Resolved,BB003,3,0.9147022745020987,0.6381006401287765,Transfer recommended
2024-12-13,BB001,AB+,Platelets,2,3.2940045008968664,2,2,4.0,0.0,Resolved,BB003,2,0.9041171346691739,0.6365554639255293,Transfer recommended
2024-12-14,BB001,AB+,Platelets,0,3.3921760375305214,4,4,4.0,0.0,Resolved,BB003,4,0.885369378859634,0.6527681758894159,Transfer recommended
2024-12-15,BB001,AB+,Platelets,0,4.3144779706204455,5,5,5.0,0.0,Resolved,BB003,5,0.9067669503780548,0.6870457767966178,Transfer recommended
2024-12-16,BB001,AB+,Platelets,0,3.97339055928582,4,4,4.0,0.0,Resolved,BB007,4,0.8961879392546205,0.6872446888459963,Transfer recommended
2024-12-17,BB001,AB+,Platelets,0,4.227918196221231,5,5,5.0,0.0,Resolved,BB007,5,0.9095716344329224,0.6888738233924511,Transfer recommended
2024-12-19,BB001,AB+,Platelets,2,4.398466506055775,3,3,5.0,0.0,Resolved,BB010,3,0.8246019154365029,0.6407654414691439,Transfer recommended
2024-12-20,BB001,AB+,Platelets,1,4.398466506055775,4,4,5.0,0.0,Resolved,BB003,4,0.9192524289091842,0.6678100387423449,Transfer recommended
2024-12-21,BB001,AB+,Platelets,0,4.259999213984697,5,5,5.0,0.0,Resolved,BB007,5,0.9149246388968038,0.6793200246243505,Transfer recommended
2024-12-22,BB001,AB+,Platelets,0,4.280147091703409,5,5,5.0,0.0,Resolved,BB003,5,0.9179318673072302,0.6888414257372129,Transfer recommended
2024-12-23,BB001,AB+,Platelets,1,4.280147091703409,4,4,5.0,0.0,Resolved,BB003,4,0.9087488534303407,0.6886353850253568,Transfer recommended
2024-12-24,BB001,AB+,Platelets,0,4.280147091703409,5,5,5.0,0.0,Resolved,BB003,5,0.9120570446412752,0.6801986073086064,Transfer recommended
2024-12-25,BB001,AB+,Platelets,1,4.280147091703409,4,4,5.0,0.0,Resolved,BB005,4,0.9218530209682003,0.6880504860202208,Transfer recommended
2024-12-26,BB001,AB+,Platelets,1,4.19484624959341,4,4,5.0,0.0,Resolved,BB005,4,0.9218530209682003,0.6801464636528031,Transfer recommended
2024-12-27,BB001,AB+,Platelets,2,4.19484624959341,3,3,5.0,0.0,Resolved,BB010,3,0.8568593987384475,0.6800357565635795,Transfer recommended
2024-11-03,BB001,B+,Platelets,9,10.276615857918664,2,2,11.0,0.0,Resolved,BB006,2,0.9391186200222988,0.540508296679741,Transfer recommended
2024-11-04,BB001,B+,Platelets,2,10.076889159091769,9,9,11.0,0.0,Resolved,BB004,9,0.9436781840670395,0.6500241036197458,Transfer recommended
2024-11-07,BB001,B+,Platelets,0,10.467893019657584,11,10,10.0,0.4678930196575841,Resolved,BB004,10,0.8800155495788908,0.6309860553928561,Transfer recommended
2024-11-08,BB001,B+,Platelets,5,10.743528512683021,6,6,11.0,0.0,Resolved,BB011,6,0.8444937577078909,0.738183412561473,Transfer recommended
2024-11-09,BB001,B+,Platelets,8,10.429815642523838,3,3,11.0,0.0,Resolved,BB011,3,0.8902151675932193,0.6338169760506065,Transfer recommended
2024-11-10,BB001,B+,Platelets,1,10.876343989805665,10,10,11.0,0.0,Resolved,BB006,10,0.9188155644415675,0.6802169191728031,Transfer recommended
2024-11-11,BB001,B+,Platelets,4,11.22960998168743,8,8,12.0,0.0,Resolved,BB006,8,0.9191972310883785,0.7387797984652196,Transfer recommended
2024-11-12,BB001,B+,Platelets,6,11.176219926165503,6,6,12.0,0.0,Resolved,BB011,6,0.912035988807888,0.7198140428691697,Transfer recommended
2024-11-13,BB001,B+,Platelets,8,10.99974226915502,3,3,11.0,0.0,Resolved,BB006,3,0.940825881228182,0.6494548200641364,Transfer recommended
2024-11-14,BB001,B+,Platelets,6,10.785761079470293,5,5,11.0,0.0,Resolved,BB006,5,0.8348417540434453,0.6611947899916533,Transfer recommended
2024-11-15,BB001,B+,Platelets,9,10.74678862024436,2,2,11.0,0.0,Resolved,BB006,2,0.9371937775340556,0.6178420565862122,Transfer recommended
2024-11-16,BB001,B+,Platelets,0,10.608758194916028,11,6,6.0,4.608758194916028,Partially Resolved,BB006,6,0.9400047795784879,0.6627526518646213,Transfer plus external replenishment required
2024-11-17,BB001,B+,Platelets,0,10.968774330555544,11,5,5.0,5.968774330555544,Partially Resolved,BB011,5,0.8818153384604931,0.7329402253122099,Transfer plus external replenishment required
2024-11-18,BB001,B+,Platelets,5,11.029517465665423,7,7,12.0,0.0,Resolved,BB003,7,0.9061920286363151,0.7399605457578249,Transfer recommended
2024-11-19,BB001,B+,Platelets,2,10.968774330555544,9,9,11.0,0.0,Resolved,BB003,9,0.9407933143873202,0.7065045963511416,Transfer recommended
2024-11-20,BB001,B+,Platelets,6,10.9843218128014,5,5,11.0,0.0,Resolved,BB003,5,0.9276848455644675,0.7102025771004857,Transfer recommended
2024-11-21,BB001,B+,Platelets,7,11.203919321799049,5,5,12.0,0.0,Resolved,BB003,5,0.8925701864990131,0.6659622591691858,Transfer recommended
2024-11-22,BB001,B+,Platelets,1,11.183887557744077,11,11,12.0,0.0,Resolved,BB006,11,0.8819769061780065,0.6908794167391388,Transfer recommended
2024-11-23,BB001,B+,Platelets,1,10.720649325185098,10,10,11.0,0.0,Resolved,BB005,10,0.9235901114559838,0.7250700254784221,Transfer recommended
2024-12-08,BB001,B+,Platelets,7,11.370009526641025,5,5,12.0,0.0,Resolved,BB009,5,0.9410062863179337,0.6377377643106507,Transfer recommended
2024-12-09,BB001,B+,Platelets,9,11.211822251595061,3,3,12.0,0.0,Resolved,BB002,3,0.9457203073898832,0.6426772309921632,Transfer recommended
2024-12-12,BB001,B+,Platelets,3,11.050790312189626,9,9,12.0,0.0,Resolved,BB005,9,0.9468206997813519,0.6063474591261669,Transfer recommended
2024-12-15,BB001,B+,Platelets,9,11.785106133905277,3,3,12.0,0.0,Resolved,BB005,3,0.9426558199179941,0.5831461283211699,Transfer recommended
2024-11-02,BB001,B-,Platelets,0,1.1231068387593621,2,2,2.0,0.0,Resolved,BB009,2,0.6444109006345945,0.3210200889578033,Transfer recommended
2024-11-03,BB001,B-,Platelets,0,1.0852220603921923,2,2,2.0,0.0,Resolved,BB009,2,0.8994624464387844,0.648974231016415,Transfer recommended
2024-11-09,BB001,B-,Platelets,0,1.06669135406452,2,2,2.0,0.0,Resolved,BB008,2,0.9275079415607702,0.569609956309532,Transfer recommended
2024-11-11,BB001,B-,Platelets,0,1.0091140503418872,2,2,2.0,0.0,Resolved,BB005,2,0.7892925526331955,0.5974908794799487,Transfer recommended
2024-11-17,BB001,B-,Platelets,0,1.032225216264376,2,0,0.0,1.032225216264376,Network Uncovered,,0,0.0,0.0,External replenishment required
2024-11-18,BB001,B-,Platelets,0,1.0009976515547743,2,0,0.0,1.0009976515547743,Network Uncovered,,0,0.0,0.0,External replenishment required
2024-12-10,BB001,B-,Platelets,0,1.0280996706060845,2,0,0.0,1.0280996706060845,Network Uncovered,,0,0.0,0.0,External replenishment required
2024-12-11,BB001,B-,Platelets,0,1.0515562482299252,2,0,0.0,1.0515562482299252,Network Uncovered,,0,0.0,0.0,External replenishment required
2024-12-12,BB001,B-,Platelets,0,1.0324473263224012,2,0,0.0,1.0324473263224012,Network Uncovered,,0,0.0,0.0,External replenishment required
2024-12-13,BB001,B-,Platelets,0,1.0673023129940007,2,0,0.0,1.0673023129940007,Network Uncovered,,0,0.0,0.0,External replenishment required
2024-12-14,BB001,B-,Platelets,0,1.0673023129940007,2,0,0.0,1.0673023129940007,Network Uncovered,,0,0.0,0.0,External replenishment required
2024-12-29,BB001,B-,Platelets,0,1.2661096979213156,2,0,0.0,1.2661096979213156,Network Uncovered,,0,0.0,0.0,External replenishment required
2024-12-30,BB001,B-,Platelets,0,1.1999606430483207,2,0,0.0,1.1999606430483207,Network Uncovered,,0,0.0,0.0,External replenishment required
2024-10-02,BB001,O+,Platelets,13,18.69163761534683,6,6,19.0,0.0,Resolved,BB007,6,0.9612393225503778,0.7097254481832,Transfer recommended
2024-10-03,BB001,O+,Platelets,9,18.40770511567344,10,10,19.0,0.0,Resolved,BB007,10,0.9472170352331203,0.7792323047331762,Transfer recommended
2024-10-04,BB001,O+,Platelets,16,18.317020045213226,3,3,19.0,0.0,Resolved,BB007,3,0.9388228976695719,0.6989260815861946,Transfer recommended
2024-10-06,BB001,O+,Platelets,8,17.852213083040574,10,10,18.0,0.0,Resolved,BB007,10,0.9359458678306655,0.5991152760242033,Transfer recommended
2024-10-07,BB001,O+,Platelets,15,18.262136394779336,4,4,19.0,0.0,Resolved,BB003,4,0.9398797657182594,0.715752769391617,Transfer recommended
2024-10-08,BB001,O+,Platelets,9,17.397432800525518,9,9,18.0,0.0,Resolved,BB003,9,0.8893882006496594,0.7163950902972174,Transfer recommended
2024-10-09,BB001,O+,Platelets,15,17.32864084961074,3,3,18.0,0.0,Resolved,BB012,3,0.8894179545220937,0.6860103778045974,Transfer recommended
2024-10-10,BB001,O+,Platelets,0,17.366838795770636,18,18,18.0,0.0,Resolved,BB009,18,0.9197916606132189,0.7033107735898814,Transfer recommended
2024-10-22,BB001,O+,Platelets,17,18.386893008152516,2,2,19.0,0.0,Resolved,BB010,2,0.9172145778425522,0.5712852534765303,Transfer recommended
2024-12-24,BB001,O+,Platelets,3,19.452912554557482,17,9,12.0,7.452912554557482,Partially Resolved,BB007,9,0.9257849774544631,0.7407796569850278,Transfer plus external replenishment required
2024-12-25,BB001,O+,Platelets,13,20.41847213140315,8,8,21.0,0.0,Resolved,BB010,8,0.9191126318444607,0.7696083700607859,Transfer recommended
2024-12-26,BB001,O+,Platelets,15,19.09853566235068,5,5,20.0,0.0,Resolved,BB006,5,0.9214705592541031,0.7361174766451395,Transfer recommended
2024-10-04,BB001,O-,Platelets,1,2.3440913558278615,2,2,3.0,0.0,Resolved,BB008,2,0.9175542769745436,0.4877359114335576,Transfer recommended
2024-12-03,BB001,O-,Platelets,0,1.7371528188382435,2,2,2.0,0.0,Resolved,BB009,2,0.9135161075623422,0.6432697907317959,Transfer recommended
2024-12-04,BB001,O-,Platelets,0,1.7407252417558063,2,2,2.0,0.0,Resolved,BB009,2,0.8373869361425909,0.6696009798110439,Transfer recommended
2024-12-13,BB001,O-,Platelets,1,2.1856411150783996,2,2,3.0,0.0,Resolved,BB005,2,0.6684910203422435,0.5806189760395435,Transfer recommended
2024-12-14,BB001,O-,Platelets,0,2.2797517781894756,3,3,3.0,0.0,Resolved,BB005,3,0.9022912339312062,0.6526515649898401,Transfer recommended
2024-12-15,BB001,O-,Platelets,0,2.260105749742098,3,3,3.0,0.0,Resolved,BB005,3,0.9261279511830528,0.6782712380002267,Transfer recommended
2024-10-02,BB002,A+,Platelets,3,6.618266107540577,4,4,7.0,0.0,Resolved,BB003,4,0.9362068452799737,0.5610872224596348,Transfer recommended
2024-10-03,BB002,A+,Platelets,0,6.800089724071812,7,7,7.0,0.0,Resolved,BB003,7,0.9204588712697411,0.6598903726962626,Transfer recommended
2024-11-02,BB002,A+,Platelets,3,4.096700920101027,2,2,5.0,0.0,Resolved,BB005,2,0.8165331984855282,0.48360915608245925,Transfer recommended
2024-11-03,BB002,A+,Platelets,1,4.325959843861946,4,4,5.0,0.0,Resolved,BB004,4,0.819795786884118,0.6239806402113008,Transfer recommended
2024-11-04,BB002,A+,Platelets,3,4.299079630981328,2,2,5.0,0.0,Resolved,BB005,2,0.9257813841707113,0.611545439740302,Transfer recommended
2024-12-19,BB002,A+,Platelets,2,7.20996949318658,6,6,8.0,0.0,Resolved,BB009,6,0.9544195707727691,0.5015160235921541,Transfer recommended
2024-12-21,BB002,A+,Platelets,6,7.245517661194777,2,2,8.0,0.0,Resolved,BB007,2,0.9387746683262229,0.5662321646628536,Transfer recommended
2024-12-22,BB002,A+,Platelets,0,7.915732424424525,8,7,7.0,0.9157324244245251,Resolved,BB007,7,0.9533006295976563,0.6524673377775505,Transfer recommended
2024-12-23,BB002,A+,Platelets,0,7.915732424424525,8,8,8.0,0.0,Resolved,BB008,8,0.9510812867593528,0.7009072324944865,Transfer recommended
2024-12-24,BB002,A+,Platelets,1,8.164997829754945,8,8,9.0,0.0,Resolved,BB010,8,0.9399178251835747,0.7035451116579889,Transfer recommended
2024-12-25,BB002,A+,Platelets,2,7.915732424424525,6,6,8.0,0.0,Resolved,BB008,6,0.9282883055272789,0.6960950590614428,Transfer recommended
2024-12-26,BB002,A+,Platelets,0,8.214036196665349,9,9,9.0,0.0,Resolved,BB006,9,0.9325328105571132,0.6986219904001055,Transfer recommended
2024-12-27,BB002,A+,Platelets,0,7.857853552047587,8,8,8.0,0.0,Resolved,BB001,8,0.9467996178846014,0.7015935626477812,Transfer recommended
2024-12-28,BB002,A+,Platelets,4,8.703855664709192,5,5,9.0,0.0,Resolved,BB001,5,0.9557647307228601,0.7004618832612686,Transfer recommended
2024-12-30,BB002,A+,Platelets,7,9.126872119420439,3,3,10.0,0.0,Resolved,BB001,3,0.9524497857439819,0.5452846826353459,Transfer recommended
2024-10-01,BB002,AB+,Platelets,1,2.4618619807218693,2,2,3.0,0.0,Resolved,BB003,2,0.9131362799659346,0.6741087564251734,Transfer recommended
2024-10-03,BB002,AB+,Platelets,0,2.6441943346004466,3,3,3.0,0.0,Resolved,BB004,3,0.9441921154500154,0.6188016344442442,Transfer recommended
2024-10-04,BB002,AB+,Platelets,0,2.814864476275309,3,3,3.0,0.0,Resolved,BB004,3,0.9371364742255818,0.6788150062503491,Transfer recommended
2024-10-05,BB002,AB+,Platelets,2,3.188980243573473,2,2,4.0,0.0,Resolved,BB004,2,0.9552955650582873,0.6392976244739218,Transfer recommended
2024-10-07,BB002,AB+,Platelets,0,2.814864476275309,3,3,3.0,0.0,Resolved,BB011,3,0.9243835603892888,0.6210048561207828,Transfer recommended
2024-10-08,BB002,AB+,Platelets,1,2.5912692092928897,2,2,3.0,0.0,Resolved,BB004,2,0.9334392702287685,0.6771306839026794,Transfer recommended
2024-10-09,BB002,AB+,Platelets,1,2.409905173156718,2,2,3.0,0.0,Resolved,BB004,2,0.9391110821875048,0.65248938370589,Transfer recommended
2024-10-10,BB002,AB+,Platelets,1,2.3246043310467184,2,2,3.0,0.0,Resolved,BB009,2,0.9422117383782632,0.6496070491744181,Transfer recommended
2024-10-12,BB002,AB+,Platelets,1,2.081399487468423,2,2,3.0,0.0,Resolved,BB005,2,0.9185729055527969,0.6002932931874174,Transfer recommended
2024-10-13,BB002,AB+,Platelets,0,2.0703198004775345,3,3,3.0,0.0,Resolved,BB007,3,0.9115313001680314,0.6468635815637247,Transfer recommended
2024-11-14,BB002,AB+,Platelets,0,1.25987633156625,2,2,2.0,0.0,Resolved,BB006,2,0.9237367899970749,0.5502137064994636,Transfer recommended
2024-11-19,BB002,AB+,Platelets,0,1.5024936969464673,2,2,2.0,0.0,Resolved,BB005,2,0.8718753600900402,0.570178888438516,Transfer recommended
2024-11-20,BB002,AB+,Platelets,0,1.6370039791031938,2,2,2.0,0.0,Resolved,BB005,2,0.9073008455285569,0.6690899257116263,Transfer recommended
2024-11-21,BB002,AB+,Platelets,0,1.4926256998057406,2,2,2.0,0.0,Resolved,BB005,2,0.9176370024606572,0.664513909839712,Transfer recommended
2024-11-22,BB002,AB+,Platelets,0,1.4926256998057406,2,2,2.0,0.0,Resolved,BB005,2,0.9291346074627764,0.6624751610801467,Transfer recommended
2024-11-23,BB002,AB+,Platelets,0,1.531555259274482,2,2,2.0,0.0,Resolved,BB005,2,0.9212897425465407,0.6642376938268295,Transfer recommended
2024-11-24,BB002,AB+,Platelets,0,1.4537019656273824,2,2,2.0,0.0,Resolved,BB005,2,0.9317834628504749,0.6644465411142266,Transfer recommended
2024-11-25,BB002,AB+,Platelets,0,1.4224744009177812,2,2,2.0,0.0,Resolved,BB005,2,0.9345079740474731,0.6628270866509788,Transfer recommended
2024-11-28,BB002,AB+,Platelets,0,1.4085868439704623,2,2,2.0,0.0,Resolved,BB003,2,0.9374655405111482,0.6258806490346271,Transfer recommended
2024-11-29,BB002,AB+,Platelets,0,1.353081829700572,2,2,2.0,0.0,Resolved,BB003,2,0.942427720692791,0.6566941803036612,Transfer recommended
2024-11-30,BB002,AB+,Platelets,0,1.42326263917133,2,2,2.0,0.0,Resolved,BB003,2,0.9474330873083615,0.6549574690617095,Transfer recommended
2024-12-01,BB002,AB+,Platelets,0,1.4520976944660497,2,2,2.0,0.0,Resolved,BB003,2,0.9469340508832905,0.6591943374836744,Transfer recommended
2024-12-02,BB002,AB+,Platelets,0,1.4520976944660497,2,2,2.0,0.0,Resolved,BB003,2,0.9355397167897354,0.6591943374836744,Transfer recommended
2024-12-08,BB002,AB+,Platelets,0,1.483456209754277,2,2,2.0,0.0,Resolved,BB004,2,0.9122640234114459,0.6281797699483472,Transfer recommended
2024-12-09,BB002,AB+,Platelets,0,1.5710076975256269,2,2,2.0,0.0,Resolved,BB009,2,0.9421115476911971,0.651061907612009,Transfer recommended
2024-12-13,BB002,AB+,Platelets,0,1.491021428644408,2,2,2.0,0.0,Resolved,BB003,2,0.9041171346691739,0.552031042531919,Transfer recommended
2024-12-14,BB002,AB+,Platelets,0,1.5508598198069148,2,2,2.0,0.0,Resolved,BB003,2,0.885369378859634,0.6697573446325991,Transfer recommended
2024-12-15,BB002,AB+,Platelets,0,1.609931431703985,2,2,2.0,0.0,Resolved,BB007,2,0.8809538820838656,0.6667882515596639,Transfer recommended
2024-12-24,BB002,AB+,Platelets,0,1.8726291253538065,2,2,2.0,0.0,Resolved,BB003,2,0.9120570446412752,0.3092034831149523,Transfer recommended
2024-12-25,BB002,AB+,Platelets,0,1.8320954952840125,2,2,2.0,0.0,Resolved,BB003,2,0.8900050075220983,0.6734407137991333,Transfer recommended
2024-12-26,BB002,AB+,Platelets,0,1.6952322738139847,2,2,2.0,0.0,Resolved,BB003,2,0.8884800694699171,0.6728355841702727,Transfer recommended
2024-12-27,BB002,AB+,Platelets,0,1.6389083507522355,2,2,2.0,0.0,Resolved,BB010,2,0.8568593987384475,0.667556167740166,Transfer recommended
2024-12-28,BB002,AB+,Platelets,0,1.75644260329541,2,2,2.0,0.0,Resolved,BB003,2,0.8665134147103255,0.6721736626197027,Transfer recommended
2024-12-29,BB002,AB+,Platelets,0,1.6144050522493372,2,2,2.0,0.0,Resolved,BB010,2,0.9196275112746637,0.6598505975624487,Transfer recommended
2024-10-01,BB002,B+,Platelets,4,6.788033345409995,3,3,7.0,0.0,Resolved,BB001,3,0.8797138111091721,0.5152551281776686,Transfer recommended
2024-10-02,BB002,B+,Platelets,5,6.723447496253739,2,2,7.0,0.0,Resolved,BB001,2,0.9362195216560731,0.5840605647795666,Transfer recommended
2024-10-03,BB002,B+,Platelets,4,5.471787200017373,2,2,6.0,0.0,Resolved,BB008,2,0.8975439700683673,0.539164307946072,Transfer recommended
2024-10-04,BB002,B+,Platelets,4,5.495014037828702,2,2,6.0,0.0,Resolved,BB001,2,0.9312888794867615,0.5786250209649535,Transfer recommended
2024-10-05,BB002,B+,Platelets,0,5.474866160109991,6,6,6.0,0.0,Resolved,BB001,6,0.9358640532113586,0.641736950725875,Transfer recommended
2024-10-06,BB002,B+,Platelets,0,6.5907134474942195,7,6,6.0,0.5907134474942195,Resolved,BB001,6,0.948903294882197,0.6945192653457447,Transfer recommended
2024-10-07,BB002,B+,Platelets,1,6.876577598421961,6,6,7.0,0.0,Resolved,BB001,6,0.9307830088804364,0.6986642996233219,Transfer recommended
2024-10-08,BB002,B+,Platelets,0,6.861030116176103,7,6,6.0,0.8610301161761029,Resolved,BB001,6,0.9146156443279272,0.6886577201004072,Transfer recommended
2024-10-09,BB002,B+,Platelets,2,6.75068598821651,5,5,7.0,0.0,Resolved,BB001,5,0.9361738949948364,0.6936317334015997,Transfer recommended
2024-10-10,BB002,B+,Platelets,5,6.866536745911429,2,2,7.0,0.0,Resolved,BB008,2,0.9267367107646476,0.6183884027465163,Transfer recommended
2024-10-17,BB002,B+,Platelets,0,6.910623474574225,7,7,7.0,0.0,Resolved,BB006,7,0.9439210202487168,0.5412442191514997,Transfer recommended
2024-10-18,BB002,B+,Platelets,2,7.055633754151099,6,6,8.0,0.0,Resolved,BB006,6,0.9329859152627025,0.6944928048016112,Transfer recommended
2024-10-19,BB002,B+,Platelets,2,7.111073631109186,6,6,8.0,0.0,Resolved,BB006,6,0.93959381842767,0.6839532781278477,Transfer recommended
2024-10-20,BB002,B+,Platelets,0,7.079217498669544,8,8,8.0,0.0,Resolved,BB006,8,0.9347532422747923,0.6740648091370859,Transfer recommended
2024-11-06,BB002,B+,Platelets,1,5.866458038826326,5,5,6.0,0.0,Resolved,BB004,5,0.9145790604678169,0.4963290849907309,Transfer recommended
2024-11-07,BB002,B+,Platelets,0,5.866458038826326,6,6,6.0,0.0,Resolved,BB004,6,0.8800155495788908,0.672345865614529,Transfer recommended
2024-11-09,BB002,B+,Platelets,3,5.86311438231563,3,3,6.0,0.0,Resolved,BB011,3,0.8902151675932193,0.5719914045945362,Transfer recommended
2024-11-29,BB002,B+,Platelets,0,5.034625427587762,6,6,6.0,0.0,Resolved,BB005,6,0.9269815127001308,0.5131585107944081,Transfer recommended
2024-11-30,BB002,B+,Platelets,2,5.686538619266182,4,4,6.0,0.0,Resolved,BB011,4,0.9282964891391008,0.6955973096409148,Transfer recommended
2024-12-01,BB002,B+,Platelets,3,5.643054664319383,3,3,6.0,0.0,Resolved,BB005,3,0.8469859657905965,0.668140070828933,Transfer recommended
2024-10-03,BB002,O+,Platelets,3,10.056046946903887,8,8,11.0,0.0,Resolved,BB007,8,0.9472170352331203,0.46536303092946646,Transfer recommended
2024-10-04,BB002,O+,Platelets,7,10.653960553393107,4,4,11.0,0.0,Resolved,BB007,4,0.9388228976695719,0.6723550476671509,Transfer recommended
2024-10-07,BB002,O+,Platelets,4,10.835647756229335,7,7,11.0,0.0,Resolved,BB003,7,0.9398797657182594,0.45438256761734264,Transfer recommended
2024-10-08,BB002,O+,Platelets,1,11.106991889087288,11,11,12.0,0.0,Resolved,BB003,11,0.8893882006496594,0.7285541447784805,Transfer recommended
2024-10-09,BB002,O+,Platelets,0,11.356867234547407,12,8,8.0,3.3568672345474067,Partially Resolved,BB004,8,0.8970865358793533,0.7352653887528742,Transfer plus external replenishment required
2024-12-22,BB002,O+,Platelets,8,12.127105359196834,5,5,13.0,0.0,Resolved,BB004,5,0.9507991383907246,0.5690705207310396,Transfer recommended
2024-12-23,BB002,O+,Platelets,6,11.612862163147739,6,6,12.0,0.0,Resolved,BB004,6,0.9430632421336067,0.6937857698138871,Transfer recommended
2024-12-24,BB002,O+,Platelets,3,11.587410348598283,9,9,12.0,0.0,Resolved,BB004,9,0.9125640183131445,0.7174351416324662,Transfer recommended
2024-12-26,BB002,O+,Platelets,9,11.731963751004859,3,3,12.0,0.0,Resolved,BB006,3,0.9214705592541031,0.5123750436231829,Transfer recommended
2024-12-16,BB002,O-,Platelets,0,1.0054291018547472,2,2,2.0,0.0,Resolved,BB005,2,0.9296626783816162,0.6339615315620966,Transfer recommended
2024-10-29,BB003,A+,Platelets,5,9.260273371823649,5,5,10.0,0.0,Resolved,BB012,5,0.8493903056399552,0.3813577525606883,Transfer recommended
2024-10-30,BB003,A+,Platelets,7,10.015842153064975,4,4,11.0,0.0,Resolved,BB008,4,0.8498679329350778,0.6480989147100074,Transfer recommended
2024-10-31,BB003,A+,Platelets,5,10.055396708793756,6,6,11.0,0.0,Resolved,BB001,6,0.8464834934079448,0.6866604864162766,Transfer recommended
2024-11-01,BB003,A+,Platelets,6,9.946839871869122,4,2,8.0,1.9468398718691216,Partially Resolved,BB005,2,0.7524119285203423,0.6636713909987926,Transfer plus external replenishment required
2024-11-02,BB003,A+,Platelets,0,9.368535225634963,10,10,10.0,0.0,Resolved,BB005,10,0.8165331984855282,0.6883243357087727,Transfer recommended
2024-11-03,BB003,A+,Platelets,0,10.13376858587086,11,8,8.0,2.1337685858708593,Partially Resolved,BB005,8,0.8976424004268136,0.7265981701858246,Transfer plus external replenishment required
2024-12-29,BB003,A+,Platelets,9,10.52995263881822,2,2,11.0,0.0,Resolved,BB009,2,0.9448945012957459,0.5640537241219553,Transfer recommended
2024-12-30,BB003,A+,Platelets,9,10.250896258248217,2,2,11.0,0.0,Resolved,BB001,2,0.9524497857439819,0.5876311501758398,Transfer recommended
2024-11-11,BB003,A-,Platelets,0,1.1785055667504845,2,0,0.0,1.1785055667504845,Network Uncovered,,0,0.0,0.0,External replenishment required
2024-11-12,BB003,A-,Platelets,0,1.2013719387902886,2,0,0.0,1.2013719387902886,Network Uncovered,,0,0.0,0.0,External replenishment required
2024-11-13,BB003,A-,Platelets,0,1.2013719387902886,2,0,0.0,1.2013719387902886,Network Uncovered,,0,0.0,0.0,External replenishment required
2024-11-14,BB003,A-,Platelets,0,1.1822630168827648,2,0,0.0,1.1822630168827648,Network Uncovered,,0,0.0,0.0,External replenishment required
2024-11-15,BB003,A-,Platelets,0,1.2013719387902886,2,0,0.0,1.2013719387902886,Network Uncovered,,0,0.0,0.0,External replenishment required
2024-11-16,BB003,A-,Platelets,0,1.1812240610715765,2,0,0.0,1.1812240610715765,Network Uncovered,,0,0.0,0.0,External replenishment required
2024-11-17,BB003,A-,Platelets,0,1.1537610270359226,2,0,0.0,1.1537610270359226,Network Uncovered,,0,0.0,0.0,External replenishment required
2024-11-18,BB003,A-,Platelets,0,1.2013719387902886,2,0,0.0,1.2013719387902886,Network Uncovered,,0,0.0,0.0,External replenishment required
2024-11-19,BB003,A-,Platelets,0,1.2013719387902886,2,0,0.0,1.2013719387902886,Network Uncovered,,0,0.0,0.0,External replenishment required
2024-12-13,BB003,A-,Platelets,0,1.0396056313134272,2,2,2.0,0.0,Resolved,BB006,2,0.914918643235925,0.640879359711932,Transfer recommended
2024-12-14,BB003,A-,Platelets,0,1.0818380653969135,2,2,2.0,0.0,Resolved,BB006,2,0.933729531997675,0.6435923984667131,Transfer recommended
2024-12-15,BB003,A-,Platelets,0,1.1368409297872248,2,0,0.0,1.1368409297872248,Network Uncovered,,0,0.0,0.0,External replenishment required
2024-10-06,BB003,AB+,Platelets,2,3.7543303730535085,2,2,4.0,0.0,Resolved,BB004,2,0.9462172701484473,0.6055658242296545,Transfer recommended
2024-10-08,BB003,AB+,Platelets,0,3.2159033533175077,4,4,4.0,0.0,Resolved,BB004,4,0.9334392702287685,0.5500390625417448,Transfer recommended
2024-10-09,BB003,AB+,Platelets,0,3.6647688621986974,4,4,4.0,0.0,Resolved,BB004,4,0.9391110821875048,0.6838032421516558,Transfer recommended
2024-10-10,BB003,AB+,Platelets,1,3.841403822306641,3,3,4.0,0.0,Resolved,BB009,3,0.9422117383782632,0.6846197454442862,Transfer recommended
2024-10-11,BB003,AB+,Platelets,0,3.7562080636704454,4,4,4.0,0.0,Resolved,BB009,4,0.9442952768967371,0.6735303337329418,Transfer recommended
2024-10-13,BB003,AB+,Platelets,0,3.6796375891660684,4,4,4.0,0.0,Resolved,BB007,4,0.9115313001680314,0.6443989489415833,Transfer recommended
2024-10-16,BB003,AB+,Platelets,0,4.020886421933559,5,5,5.0,0.0,Resolved,BB007,5,0.9346303770785926,0.5181870814456654,Transfer recommended
2024-10-17,BB003,AB+,Platelets,1,4.090226121706261,4,4,5.0,0.0,Resolved,BB007,4,0.9445000328716537,0.6819450424242848,Transfer recommended
2024-10-18,BB003,AB+,Platelets,2,4.330629645465308,3,3,5.0,0.0,Resolved,BB001,3,0.9371800411370624,0.6710119725849328,Transfer recommended
2024-10-19,BB003,AB+,Platelets,2,4.0007385442148475,3,3,5.0,0.0,Resolved,BB001,3,0.9007384782991206,0.6592996253761628,Transfer recommended
2024-10-21,BB003,AB+,Platelets,1,3.8967848867625596,3,3,4.0,0.0,Resolved,BB002,3,0.9414289490107492,0.6168067193644677,Transfer recommended
2024-10-22,BB003,AB+,Platelets,0,4.0627940487928225,5,5,5.0,0.0,Resolved,BB011,5,0.9476150536733464,0.6717293179414778,Transfer recommended
2024-10-24,BB003,AB+,Platelets,3,4.026052399460699,2,2,5.0,0.0,Resolved,BB001,2,0.9158337895540596,0.5431750935756567,Transfer recommended
2024-10-25,BB003,AB+,Platelets,0,4.265482346056683,5,5,5.0,0.0,Resolved,BB007,5,0.902853378657689,0.6372467933717898,Transfer recommended
2024-10-26,BB003,AB+,Platelets,0,4.0059045217419875,5,5,5.0,0.0,Resolved,BB007,5,0.9113410013196191,0.6839313848456235,Transfer recommended
2024-10-27,BB003,AB+,Platelets,0,4.0745765713340125,5,5,5.0,0.0,Resolved,BB007,5,0.9412689569765024,0.6810363767043746,Transfer recommended
2024-10-28,BB003,AB+,Platelets,0,4.026052399460699,5,5,5.0,0.0,Resolved,BB005,5,0.9275706777410803,0.6811919802653326,Transfer recommended
2024-10-29,BB003,AB+,Platelets,0,4.21695817418337,5,5,5.0,0.0,Resolved,BB007,5,0.9546022531697216,0.6831856585862424,Transfer recommended
2024-10-30,BB003,AB+,Platelets,1,4.265482346056683,4,4,5.0,0.0,Resolved,BB007,4,0.9464667056897184,0.6855272095314768,Transfer recommended
2024-10-31,BB003,AB+,Platelets,2,3.701753194253069,2,2,4.0,0.0,Resolved,BB005,2,0.938752667928105,0.6398463912253007,Transfer recommended
2024-11-04,BB003,AB+,Platelets,2,3.514094080128001,2,2,4.0,0.0,Resolved,BB001,2,0.9184634205455803,0.5737774489238909,Transfer recommended
2024-11-05,BB003,AB+,Platelets,0,3.4624779731459423,4,2,2.0,1.4624779731459423,Partially Resolved,BB006,2,0.9191584583161604,0.5951474024560229,Transfer plus external replenishment required
2024-11-06,BB003,AB+,Platelets,0,3.428898321491804,4,4,4.0,0.0,Resolved,BB001,4,0.8929980744220823,0.675239207130472,Transfer recommended
2024-11-07,BB003,AB+,Platelets,0,3.428898321491804,4,4,4.0,0.0,Resolved,BB005,4,0.9105702232889322,0.675127114650413,Transfer recommended
2024-11-09,BB003,AB+,Platelets,2,3.206029547622057,2,2,4.0,0.0,Resolved,BB005,2,0.9388313128423624,0.5641561792698702,Transfer recommended
2024-11-10,BB003,AB+,Platelets,2,3.3502969181553253,2,2,4.0,0.0,Resolved,BB005,2,0.9364241867609204,0.6121231532396377,Transfer recommended
2024-11-11,BB003,AB+,Platelets,1,2.9027938878294006,2,2,3.0,0.0,Resolved,BB005,2,0.9421703610418795,0.6390132351157403,Transfer recommended
2024-10-01,BB003,AB-,PRBC,0,1.2773523601102443,2,2,2.0,0.0,Resolved,BB009,2,0.8464245365312312,0.4957824483085391,Transfer recommended
2024-10-02,BB003,AB-,PRBC,0,1.2297414483558788,2,2,2.0,0.0,Resolved,BB009,2,0.8464245365312312,0.6176773157342423,Transfer recommended
2024-10-01,BB003,B+,Platelets,5,11.29832706301598,7,2,7.0,4.29832706301598,Partially Resolved,BB009,2,0.9458832384408931,0.7149218910553123,Transfer plus external replenishment required
2024-10-02,BB003,B+,Platelets,7,11.289284809317403,5,5,12.0,0.0,Resolved,BB001,5,0.9362195216560731,0.6771804269188798,Transfer recommended
2024-10-26,BB003,B+,Platelets,8,9.398528908737493,2,2,10.0,0.0,Resolved,BB010,2,0.947976509650935,0.5898708230693066,Transfer recommended
2024-10-28,BB003,B+,Platelets,4,10.17245585716628,7,7,11.0,0.0,Resolved,BB001,7,0.9479356166030131,0.6282917412256681,Transfer recommended
2024-10-29,BB003,B+,Platelets,8,9.262049025499513,2,2,10.0,0.0,Resolved,BB001,2,0.9526809463972876,0.6335420221976874,Transfer recommended
2024-10-30,BB003,B+,Platelets,4,9.318212099862057,6,6,10.0,0.0,Resolved,BB002,6,0.9395675927270505,0.6727705119075287,Transfer recommended
2024-10-31,BB003,B+,Platelets,4,9.544664194999822,6,6,10.0,0.0,Resolved,BB002,6,0.938699808116024,0.7105792858720335,Transfer recommended
2024-11-02,BB003,B+,Platelets,5,9.146340663518858,5,5,10.0,0.0,Resolved,BB006,5,0.9354795960162006,0.5896186287118028,Transfer recommended
2024-11-04,BB003,B+,Platelets,8,10.439137405346065,3,3,11.0,0.0,Resolved,BB004,3,0.9436781840670395,0.5585970306940118,Transfer recommended
2024-11-06,BB003,B+,Platelets,9,10.451692194355992,2,2,11.0,0.0,Resolved,BB004,2,0.9145790604678169,0.3276592681099267,Transfer recommended
2024-11-08,BB003,B+,Platelets,9,10.312697292652533,2,2,11.0,0.0,Resolved,BB011,2,0.8444937577078909,0.5496224123598474,Transfer recommended
2024-11-11,BB003,B+,Platelets,9,10.107868643461721,2,2,11.0,0.0,Resolved,BB011,2,0.918865082836033,0.5414002756579306,Transfer recommended
2024-11-30,BB003,B+,Platelets,8,9.294906204852193,2,2,10.0,0.0,Resolved,BB011,2,0.9282964891391008,0.5701701353357079,Transfer recommended
2024-12-01,BB003,B+,Platelets,1,9.389445136121047,9,9,10.0,0.0,Resolved,BB011,9,0.9288437010020356,0.6806592436738047,Transfer recommended
2024-10-03,BB003,B-,Platelets,0,1.1041568486944968,2,2,2.0,0.0,Resolved,BB007,2,0.8938159271162743,0.579550677306069,Transfer recommended
2024-10-04,BB003,B-,Platelets,0,1.0865315654036236,2,0,0.0,1.0865315654036236,Network Uncovered,,0,0.0,0.0,External replenishment required
2024-10-07,BB003,B-,Platelets,0,1.0294246489344627,2,2,2.0,0.0,Resolved,BB007,2,0.9273894863858038,0.5838799732504378,Transfer recommended
2024-10-15,BB003,B-,Platelets,0,1.1251624354205831,2,0,0.0,1.1251624354205831,Network Uncovered,,0,0.0,0.0,External replenishment required
2024-10-16,BB003,B-,Platelets,0,1.292567019993504,2,0,0.0,1.292567019993504,Network Uncovered,,0,0.0,0.0,External replenishment required
2024-10-17,BB003,B-,Platelets,0,1.1976711813909828,2,0,0.0,1.1976711813909828,Network Uncovered,,0,0.0,0.0,External replenishment required
2024-10-18,BB003,B-,Platelets,0,1.182123699145125,2,2,2.0,0.0,Resolved,BB009,2,0.8572232975833469,0.657742849305434,Transfer recommended
2024-10-20,BB003,B-,Platelets,0,1.000470768977953,2,2,2.0,0.0,Resolved,BB004,2,0.9232914199697422,0.6529606134886627,Transfer recommended
2024-12-02,BB003,B-,Platelets,0,1.0203286835203234,2,2,2.0,0.0,Resolved,BB005,2,0.9236103096863195,0.6049088522468268,Transfer recommended
2024-12-03,BB003,B-,Platelets,0,1.0673023129940007,2,2,2.0,0.0,Resolved,BB005,2,0.9280179559557601,0.6411375887210613,Transfer recommended
2024-12-05,BB003,B-,Platelets,0,1.0012197616127996,2,2,2.0,0.0,Resolved,BB005,2,0.9161989728801594,0.6039670546274472,Transfer recommended
2024-12-06,BB003,B-,Platelets,0,1.0673023129940007,2,2,2.0,0.0,Resolved,BB005,2,0.9168496227917963,0.6550392776356362,Transfer recommended
2024-12-07,BB003,B-,Platelets,0,1.0001808058016113,2,2,2.0,0.0,Resolved,BB005,2,0.878610768799291,0.6548321497598506,Transfer recommended
2024-12-08,BB003,B-,Platelets,0,1.0673023129940007,2,0,0.0,1.0673023129940007,Network Uncovered,,0,0.0,0.0,External replenishment required
2024-12-09,BB003,B-,Platelets,0,1.0673023129940007,2,0,0.0,1.0673023129940007,Network Uncovered,,0,0.0,0.0,External replenishment required
2024-12-12,BB003,B-,Platelets,0,1.4044867827116838,2,0,0.0,1.4044867827116838,Network Uncovered,,0,0.0,0.0,External replenishment required
2024-12-20,BB003,B-,Platelets,0,1.6389083507522355,2,2,2.0,0.0,Resolved,BB001,2,0.9062371779473287,0.6504216403717551,Transfer recommended
2024-12-21,BB003,B-,Platelets,0,1.6317040990095317,2,2,2.0,0.0,Resolved,BB001,2,0.9429429996398252,0.6709814926164839,Transfer recommended
2024-12-23,BB003,B-,Platelets,0,1.609931431703985,2,2,2.0,0.0,Resolved,BB005,2,0.9220683977534143,0.6483530257224536,Transfer recommended
2024-12-24,BB003,B-,Platelets,0,1.6109762128055567,2,2,2.0,0.0,Resolved,BB005,2,0.9280713329886938,0.6685414288558937,Transfer recommended
2024-12-25,BB003,B-,Platelets,0,1.551898775618103,2,2,2.0,0.0,Resolved,BB007,2,0.8887433045611203,0.6665306068702612,Transfer recommended
2024-10-03,BB003,O+,PRBC,35,37.785291099386896,3,3,38.0,0.0,Resolved,BB006,3,0.7143553632748306,0.6432055985453144,Transfer recommended
2024-10-24,BB003,O+,Platelets,11,14.40808037358956,4,4,15.0,0.0,Resolved,BB012,4,0.9100531431217556,0.3984371643490028,Transfer recommended
2024-10-25,BB003,O+,Platelets,1,14.036273574499303,14,14,15.0,0.0,Resolved,BB012,14,0.9145760742326449,0.707708074486423,Transfer recommended
2024-10-26,BB003,O+,Platelets,0,13.449439619130981,14,14,14.0,0.0,Resolved,BB002,14,0.9069521236291702,0.7363154199059239,Transfer recommended
2024-10-27,BB003,O+,Platelets,6,14.841772280007177,9,9,15.0,0.0,Resolved,BB006,9,0.9297732144272117,0.7674350207132334,Transfer recommended
2024-11-08,BB003,O+,Platelets,4,17.72356357262555,14,14,18.0,0.0,Resolved,BB006,14,0.9316541419443111,0.5989609162606644,Transfer recommended
2024-11-09,BB003,O+,Platelets,9,18.159828688608517,10,10,19.0,0.0,Resolved,BB006,10,0.944244504291076,0.7780938039072094,Transfer recommended
2024-11-10,BB003,O+,Platelets,11,17.572939875511498,7,7,18.0,0.0,Resolved,BB001,7,0.9130647208227702,0.7181233133863745,Transfer recommended
2024-11-11,BB003,O+,Platelets,3,17.985957671978642,15,15,18.0,0.0,Resolved,BB001,15,0.942618056285539,0.7468468605862433,Transfer recommended
2024-11-12,BB003,O+,Platelets,11,17.372160975466766,7,7,18.0,0.0,Resolved,BB001,7,0.9498566434948971,0.7582966885872804,Transfer recommended
2024-11-13,BB003,O+,Platelets,0,17.372160975466766,18,10,10.0,7.372160975466766,Partially Resolved,BB011,10,0.9371227394735913,0.7677369666085905,Transfer plus external replenishment required
2024-11-14,BB003,O+,Platelets,0,17.586997469574577,18,4,4.0,13.586997469574577,Partially Resolved,BB011,4,0.9481923686587472,0.8104720103660663,Transfer plus external replenishment required
2024-11-15,BB003,O+,Platelets,0,16.868301648580893,17,17,17.0,0.0,Resolved,BB001,17,0.9306232910801251,0.7728175010557683,Transfer recommended
2024-11-16,BB003,O+,Platelets,0,16.994380059213245,17,17,17.0,0.0,Resolved,BB001,17,0.9309658479192945,0.7986546164899138,Transfer recommended
2024-11-17,BB003,O+,Platelets,0,17.286379419391164,18,18,18.0,0.0,Resolved,BB001,18,0.9467200740356423,0.7863007163831062,Transfer recommended
2024-11-18,BB003,O+,Platelets,0,16.445607335640634,17,17,17.0,0.0,Resolved,BB001,17,0.924621716356121,0.7697693315091927,Transfer recommended
2024-11-19,BB003,O+,Platelets,3,15.954735002729604,13,13,16.0,0.0,Resolved,BB001,13,0.8939278171980123,0.7914281434485624,Transfer recommended
2024-11-20,BB003,O+,Platelets,0,16.508581280644325,17,17,17.0,0.0,Resolved,BB001,17,0.907365342571396,0.7533858306112791,Transfer recommended
2024-11-21,BB003,O+,Platelets,0,16.700291787890905,17,17,17.0,0.0,Resolved,BB001,17,0.9196810705043749,0.7830864300452873,Transfer recommended
2024-11-22,BB003,O+,Platelets,2,16.536887630171183,15,15,17.0,0.0,Resolved,BB001,15,0.9255851517720518,0.7779993024900129,Transfer recommended
2024-11-23,BB003,O+,Platelets,10,16.024102100782006,7,3,13.0,3.024102100782006,Partially Resolved,BB001,3,0.8407187430642531,0.7033604008160033,Transfer plus external replenishment required
2024-12-06,BB003,O+,Platelets,15,18.303709805825683,4,4,19.0,0.0,Resolved,BB008,4,0.9452016811200937,0.38939792476396656,Transfer recommended
2024-12-15,BB003,O+,Platelets,17,19.31345523007415,3,3,20.0,0.0,Resolved,BB007,3,0.9426320055727195,0.279430741612905,Transfer recommended
2024-12-16,BB003,O+,Platelets,0,20.652718310345442,21,16,16.0,4.652718310345442,Partially Resolved,BB011,16,0.9484546036901156,0.77937441500246,Transfer plus external replenishment required
2024-12-17,BB003,O+,Platelets,0,20.171018364946175,21,21,21.0,0.0,Resolved,BB010,21,0.9478028441597627,0.8205632239119678,Transfer recommended
2024-12-18,BB003,O+,Platelets,4,20.061351363148354,17,17,21.0,0.0,Resolved,BB010,17,0.9414665418083141,0.83188964567358,Transfer recommended
2024-12-19,BB003,O+,Platelets,0,20.138896262686952,21,21,21.0,0.0,Resolved,BB004,21,0.9434835891231679,0.8380065247705233,Transfer recommended
2024-12-20,BB003,O+,Platelets,0,19.197631112443723,20,20,20.0,0.0,Resolved,BB011,20,0.9406446798153458,0.8318627560202971,Transfer recommended
2024-12-21,BB003,O+,Platelets,0,19.751909279453617,20,20,20.0,0.0,Resolved,BB008,20,0.9434286921624442,0.8113793746754456,Transfer recommended
2024-12-22,BB003,O+,Platelets,0,18.438054361948087,19,19,19.0,0.0,Resolved,BB004,19,0.9507991383907246,0.8328615242863737,Transfer recommended
2024-12-24,BB003,O+,Platelets,17,18.323839652926708,2,2,19.0,0.0,Resolved,BB004,2,0.9125640183131445,0.6647660494747554,Transfer recommended
2024-12-25,BB003,O+,Platelets,2,18.223582326642923,17,17,19.0,0.0,Resolved,BB010,17,0.9191126318444607,0.7503088396345015,Transfer recommended
2024-12-26,BB003,O+,Platelets,14,19.01929076513794,6,6,20.0,0.0,Resolved,BB006,6,0.9214705592541031,0.760631679360344,Transfer recommended
2024-12-27,BB003,O+,Platelets,12,19.569097756408848,8,8,20.0,0.0,Resolved,BB006,8,0.9342467650948116,0.7598250805279136,Transfer recommended
2024-12-28,BB003,O+,Platelets,0,19.213119603643158,20,20,20.0,0.0,Resolved,BB010,20,0.8768946534554446,0.8152006438194934,Transfer recommended
2024-12-29,BB003,O+,Platelets,0,19.55611457336638,20,20,20.0,0.0,Resolved,BB010,20,0.8918222490041292,0.8462816916429516,Transfer recommended
2024-12-30,BB003,O+,Platelets,0,18.750994616997673,19,19,19.0,0.0,Resolved,BB010,19,0.9173668031601815,0.8181797262085335,Transfer recommended
2024-10-01,BB003,O-,Platelets,0,2.0900414044797935,3,3,3.0,0.0,Resolved,BB008,3,0.7967084907576826,0.673161332720876,Transfer recommended
2024-10-02,BB003,O-,Platelets,1,2.0511176703014353,2,2,3.0,0.0,Resolved,BB008,2,0.8997498208697657,0.6732233852410017,Transfer recommended
2024-12-18,BB003,O-,Platelets,0,1.7497914640199137,2,0,0.0,1.7497914640199137,Network Uncovered,,0,0.0,0.0,External replenishment required
2024-10-28,BB004,A+,Platelets,10,11.064903877947872,2,2,12.0,0.0,Resolved,BB002,2,0.7566101463231326,0.30564313307656044,Transfer recommended
2024-12-02,BB004,A+,Platelets,0,7.802121248883366,8,8,8.0,0.0,Resolved,BB009,8,0.82970767392013,0.5624656718806484,Transfer recommended
2024-12-03,BB004,A+,Platelets,0,8.526509404182443,9,5,5.0,3.526509404182443,Partially Resolved,BB009,5,0.8704657619947681,0.729054097530478,Transfer plus external replenishment required
2024-12-04,BB004,A+,Platelets,0,9.40194660249659,10,10,10.0,0.0,Resolved,BB001,10,0.9000371621692413,0.7351981590986059,Transfer recommended
2024-12-05,BB004,A+,Platelets,0,9.162103939673658,10,10,10.0,0.0,Resolved,BB001,10,0.858188761516065,0.7398480125646449,Transfer recommended
2024-12-06,BB004,A+,Platelets,2,10.771357053600596,9,9,11.0,0.0,Resolved,BB003,9,0.9154335247207064,0.7413623109511929,Transfer recommended
2024-12-07,BB004,A+,Platelets,0,10.242639056207155,11,11,11.0,0.0,Resolved,BB003,11,0.9465723347582919,0.7372569144604937,Transfer recommended
2024-12-08,BB004,A+,Platelets,0,10.938277705049288,11,11,11.0,0.0,Resolved,BB003,11,0.950794337351897,0.7304541185713309,Transfer recommended
2024-12-10,BB004,A+,Platelets,0,10.48314514729625,11,11,11.0,0.0,Resolved,BB003,11,0.9324752955373677,0.62921202875197,Transfer recommended
2024-12-11,BB004,A+,Platelets,0,11.748697690760936,12,12,12.0,0.0,Resolved,BB003,12,0.944919068643653,0.7340459616844843,Transfer recommended
2024-12-12,BB004,A+,Platelets,3,10.904804249509993,8,8,11.0,0.0,Resolved,BB003,8,0.9335864942141007,0.7324563903486565,Transfer recommended
2024-12-13,BB004,A+,Platelets,0,11.01631078050088,12,12,12.0,0.0,Resolved,BB010,12,0.9406650342504909,0.70808982079574,Transfer recommended
2024-12-15,BB004,A+,Platelets,3,11.469019304791024,9,7,10.0,1.4690193047910238,Partially Resolved,BB002,7,0.9172295229830154,0.5315448123509332,Transfer plus external replenishment required
2024-10-25,BB004,A-,Platelets,0,1.0127865849772644,2,0,0.0,1.0127865849772644,Network Uncovered,,0,0.0,0.0,External replenishment required
2024-12-28,BB004,A-,Platelets,0,1.221729922466536,2,2,2.0,0.0,Resolved,BB010,2,0.9270245711584596,0.6265625604301781,Transfer recommended
2024-12-29,BB004,A-,Platelets,0,1.221729922466536,2,0,0.0,1.221729922466536,Network Uncovered,,0,0.0,0.0,External replenishment required
2024-12-30,BB004,A-,Platelets,0,1.221729922466536,2,0,0.0,1.221729922466536,Network Uncovered,,0,0.0,0.0,External replenishment required
2024-11-10,BB004,AB+,Platelets,1,2.7114158789344556,2,2,3.0,0.0,Resolved,BB005,2,0.9364241867609204,0.6310313026294077,Transfer recommended
2024-11-13,BB004,AB+,Platelets,0,2.7269633611803137,3,3,3.0,0.0,Resolved,BB007,3,0.93775956204615,0.6454064372191958,Transfer recommended
2024-11-14,BB004,AB+,Platelets,0,2.328299517097228,3,3,3.0,0.0,Resolved,BB006,3,0.9237367899970749,0.6779763421581151,Transfer recommended
2024-11-15,BB004,AB+,Platelets,0,2.1570656982501304,3,3,3.0,0.0,Resolved,BB007,3,0.9341330202617444,0.6743417764703751,Transfer recommended
2024-11-16,BB004,AB+,Platelets,1,2.456799258129152,2,2,3.0,0.0,Resolved,BB006,2,0.9063501450418447,0.6781361394519285,Transfer recommended
2024-11-17,BB004,AB+,Platelets,1,2.44369834190417,2,2,3.0,0.0,Resolved,BB006,2,0.8851708610761939,0.6619756779549563,Transfer recommended
2024-11-19,BB004,AB+,Platelets,0,2.6175227705264286,3,3,3.0,0.0,Resolved,BB005,3,0.8718753600900402,0.6458979564001583,Transfer recommended
2024-11-20,BB004,AB+,Platelets,1,3.1531492869935396,3,3,4.0,0.0,Resolved,BB005,3,0.9073008455285569,0.6848782878050903,Transfer recommended
2024-11-21,BB004,AB+,Platelets,1,3.244588488465289,3,3,4.0,0.0,Resolved,BB005,3,0.9176370024606572,0.6730158702801081,Transfer recommended
2024-11-22,BB004,AB+,Platelets,0,3.244588488465289,4,4,4.0,0.0,Resolved,BB005,4,0.9291346074627764,0.671533622358049,Transfer recommended
2024-11-23,BB004,AB+,Platelets,0,3.2244406107465764,4,4,4.0,0.0,Resolved,BB005,4,0.9212897425465407,0.684405157178001,Transfer recommended
2024-11-24,BB004,AB+,Platelets,0,3.576240761096291,4,4,4.0,0.0,Resolved,BB005,4,0.9317834628504749,0.6869352721407395,Transfer recommended
2024-11-25,BB004,AB+,Platelets,2,3.6068957601550147,2,2,4.0,0.0,Resolved,BB005,2,0.9345079740474731,0.6655726071399578,Transfer recommended
2024-11-27,BB004,AB+,Platelets,1,3.1031188310122957,3,3,4.0,0.0,Resolved,BB006,3,0.9059660108764708,0.6233969409515118,Transfer recommended
2024-11-28,BB004,AB+,Platelets,0,3.4885763458026484,4,4,4.0,0.0,Resolved,BB003,4,0.9374655405111482,0.66981616050957,Transfer recommended
2024-11-29,BB004,AB+,Platelets,0,3.518267090168955,4,4,4.0,0.0,Resolved,BB003,4,0.942427720692791,0.6822644818550416,Transfer recommended
2024-11-30,BB004,AB+,Platelets,1,3.6664747769884225,3,3,4.0,0.0,Resolved,BB003,3,0.9474330873083615,0.68399716089947,Transfer recommended
2024-12-02,BB004,AB+,Platelets,2,3.7415075312227897,2,2,4.0,0.0,Resolved,BB003,2,0.9355397167897354,0.5299901688146101,Transfer recommended
2024-12-15,BB004,AB+,Platelets,0,3.239004258076776,4,2,2.0,1.239004258076776,Partially Resolved,BB007,2,0.8809538820838656,0.5648951697794392,Transfer plus external replenishment required
2024-12-16,BB004,AB+,Platelets,0,3.5721795782750134,4,4,4.0,0.0,Resolved,BB007,4,0.8961879392546205,0.6833730474835807,Transfer recommended
2024-12-17,BB004,AB+,Platelets,0,3.6547454120667187,4,4,4.0,0.0,Resolved,BB007,4,0.9095716344329224,0.6822701739619608,Transfer recommended
2024-12-18,BB004,AB+,Platelets,0,3.4022866707181527,4,4,4.0,0.0,Resolved,BB007,4,0.9140097916951653,0.6852148120725293,Transfer recommended
2024-12-19,BB004,AB+,Platelets,0,3.3939128521247146,4,4,4.0,0.0,Resolved,BB003,4,0.9179354018807474,0.683694727659925,Transfer recommended
2024-12-20,BB004,AB+,Platelets,1,3.4724091719873917,3,3,4.0,0.0,Resolved,BB003,3,0.9192524289091842,0.6830484051504426,Transfer recommended
2024-12-23,BB004,AB+,Platelets,2,3.4608480871225473,2,2,4.0,0.0,Resolved,BB003,2,0.9087488534303407,0.5896295084694858,Transfer recommended
2024-12-24,BB004,AB+,Platelets,1,3.412323915249234,3,3,4.0,0.0,Resolved,BB003,3,0.9120570446412752,0.6443178946035241,Transfer recommended
2024-12-25,BB004,AB+,Platelets,0,3.412323915249234,4,2,2.0,1.412323915249234,Partially Resolved,BB005,2,0.9218530209682003,0.6742156186697303,Transfer plus external replenishment required
2024-12-29,BB004,AB+,Platelets,0,3.4608480871225473,4,2,2.0,1.4608480871225473,Partially Resolved,BB010,2,0.9196275112746637,0.6115547612206809,Transfer plus external replenishment required
2024-12-30,BB004,AB+,Platelets,0,3.412323915249234,4,4,4.0,0.0,Resolved,BB010,4,0.906583208908728,0.678714189800598,Transfer recommended
2024-10-01,BB004,B+,Platelets,0,12.331558016092801,13,13,13.0,0.0,Resolved,BB009,13,0.9458832384408931,0.739234664538132,Transfer recommended
2024-10-02,BB004,B+,Platelets,0,11.752023112495648,12,12,12.0,0.0,Resolved,BB001,12,0.9362195216560731,0.7379339885908611,Transfer recommended
2024-10-03,BB004,B+,Platelets,0,11.788764761827771,12,9,9.0,2.788764761827771,Partially Resolved,BB010,9,0.94296665415838,0.7361365741048105,Transfer plus external replenishment required
2024-10-04,BB004,B+,Platelets,0,12.329256090835486,13,13,13.0,0.0,Resolved,BB001,13,0.9312888794867615,0.7382965638575305,Transfer recommended
2024-10-05,BB004,B+,Platelets,2,11.819774191800033,10,10,12.0,0.0,Resolved,BB001,10,0.9358640532113586,0.7383790905488383,Transfer recommended
2024-10-06,BB004,B+,Platelets,1,12.14382557770549,12,12,13.0,0.0,Resolved,BB001,12,0.948903294882197,0.7283325653409756,Transfer recommended
2024-10-07,BB004,B+,Platelets,8,12.108910042996444,5,5,13.0,0.0,Resolved,BB001,5,0.9307830088804364,0.6820524254855371,Transfer recommended
2024-10-08,BB004,B+,Platelets,2,12.414671952777773,11,11,13.0,0.0,Resolved,BB001,11,0.9146156443279272,0.6943045443248583,Transfer recommended
2024-10-09,BB004,B+,Platelets,8,12.262079545750732,5,5,13.0,0.0,Resolved,BB001,5,0.9361738949948364,0.6917939605395396,Transfer recommended
2024-12-06,BB004,B+,Platelets,7,9.070327095621636,3,3,10.0,0.0,Resolved,BB011,3,0.9336885012958416,0.3235583052847534,Transfer recommended
2024-12-07,BB004,B+,Platelets,0,9.620567462198556,10,10,10.0,0.0,Resolved,BB009,10,0.9291391656950865,0.7030792494587028,Transfer recommended
2024-12-08,BB004,B+,Platelets,1,10.068049516737238,10,10,11.0,0.0,Resolved,BB009,10,0.9410062863179337,0.7424911997833301,Transfer recommended
2024-12-09,BB004,B+,Platelets,0,10.523372804521328,11,11,11.0,0.0,Resolved,BB002,11,0.9457203073898832,0.7348606364248738,Transfer recommended
2024-12-10,BB004,B+,Platelets,0,10.560114453853451,11,11,11.0,0.0,Resolved,BB008,11,0.9221160557502979,0.7411128593184768,Transfer recommended
2024-12-11,BB004,B+,Platelets,4,9.499288681832688,6,6,10.0,0.0,Resolved,BB005,6,0.9454607307478645,0.7314467671730907,Transfer recommended
2024-12-12,BB004,B+,Platelets,5,9.321823310845867,5,5,10.0,0.0,Resolved,BB005,5,0.9468206997813519,0.713458599103629,Transfer recommended
2024-12-13,BB004,B+,Platelets,5,9.575021200393113,5,5,10.0,0.0,Resolved,BB005,5,0.95185518434924,0.6878206361932744,Transfer recommended
2024-12-15,BB004,B+,Platelets,7,10.570312687431858,4,4,11.0,0.0,Resolved,BB005,4,0.9426558199179941,0.46751335965438634,Transfer recommended
2024-12-16,BB004,B+,Platelets,8,11.24004875234218,4,4,12.0,0.0,Resolved,BB009,4,0.947994770841994,0.6634269416149108,Transfer recommended
2024-12-05,BB004,B-,Platelets,0,1.117638799611126,2,2,2.0,0.0,Resolved,BB005,2,0.9161989728801594,0.602888200068939,Transfer recommended
2024-12-06,BB004,B-,Platelets,0,1.1496241564311953,2,2,2.0,0.0,Resolved,BB005,2,0.9168496227917963,0.6580421610967566,Transfer recommended
2024-12-07,BB004,B-,Platelets,0,1.1248796167166335,2,2,2.0,0.0,Resolved,BB005,2,0.878610768799291,0.6453560168601169,Transfer recommended
2024-12-08,BB004,B-,Platelets,0,1.1496241564311953,2,0,0.0,1.1496241564311953,Network Uncovered,,0,0.0,0.0,External replenishment required
2024-12-09,BB004,B-,Platelets,0,1.1496241564311953,2,0,0.0,1.1496241564311953,Network Uncovered,,0,0.0,0.0,External replenishment required
2024-12-10,BB004,B-,Platelets,0,1.1248796167166335,2,0,0.0,1.1248796167166335,Network Uncovered,,0,0.0,0.0,External replenishment required
2024-12-11,BB004,B-,Platelets,0,1.1248796167166335,2,0,0.0,1.1248796167166335,Network Uncovered,,0,0.0,0.0,External replenishment required
2024-12-12,BB004,B-,Platelets,0,1.196985382751974,2,0,0.0,1.196985382751974,Network Uncovered,,0,0.0,0.0,External replenishment required
2024-12-22,BB004,B-,Platelets,0,1.0715116532359485,2,0,0.0,1.0715116532359485,Network Uncovered,,0,0.0,0.0,External replenishment required
2024-12-23,BB004,B-,Platelets,0,1.1999606430483207,2,1,1.0,0.19996064304832073,Resolved,BB005,1,0.9220683977534143,0.6417759795848323,Transfer recommended
2024-12-24,BB004,B-,Platelets,0,1.168733078338719,2,2,2.0,0.0,Resolved,BB005,2,0.9280713329886938,0.6454328521240766,Transfer recommended
2024-10-11,BB004,O+,Platelets,0,18.75019056767879,19,1,1.0,17.75019056767879,Partially Resolved,BB012,1,0.9323156427151741,0.6876021329937725,Transfer plus external replenishment required
2024-10-12,BB004,O+,Platelets,0,17.358130290965416,18,18,18.0,0.0,Resolved,BB012,18,0.9492955331141812,0.7795593282583355,Transfer recommended
2024-10-13,BB004,O+,Platelets,0,17.670058633382823,18,18,18.0,0.0,Resolved,BB008,18,0.9415516493400066,0.7937057647120749,Transfer recommended
2024-10-14,BB004,O+,Platelets,4,17.598932511434743,14,7,11.0,6.598932511434743,Partially Resolved,BB008,7,0.9441048807026778,0.7856851811808927,Transfer plus external replenishment required
2024-10-15,BB004,O+,Platelets,6,17.758523060896152,12,12,18.0,0.0,Resolved,BB003,12,0.9332905099951345,0.80574220573103,Transfer recommended
2024-10-16,BB004,O+,Platelets,4,17.724720466766378,14,14,18.0,0.0,Resolved,BB003,14,0.9374173586457618,0.785170263001169,Transfer recommended
2024-10-18,BB004,O+,Platelets,16,17.09290310766176,2,2,18.0,0.0,Resolved,BB001,2,0.9490254526504028,0.5310098853243956,Transfer recommended
2024-10-23,BB004,O+,Platelets,12,17.398472066186617,6,6,18.0,0.0,Resolved,BB002,6,0.9267105645615392,0.5008070036678542,Transfer recommended
2024-10-24,BB004,O+,Platelets,0,17.43173975650848,18,17,17.0,0.43173975650848107,Resolved,BB010,17,0.9129088627761227,0.7223206771675574,Transfer recommended
2024-10-25,BB004,O+,Platelets,0,17.89647315488018,18,18,18.0,0.0,Resolved,BB002,18,0.9270987410096994,0.7916055317042412,Transfer recommended
2024-10-26,BB004,O+,Platelets,13,16.72868356360866,4,1,14.0,2.7286835636086586,Partially Resolved,BB002,1,0.9069521236291702,0.7133255440294868,Transfer plus external replenishment required
2024-10-27,BB004,O+,Platelets,11,17.232821530517388,7,7,18.0,0.0,Resolved,BB006,7,0.9297732144272117,0.7050289805475256,Transfer recommended
2024-10-28,BB004,O+,Platelets,5,17.43852165011178,13,13,18.0,0.0,Resolved,BB006,13,0.9353273119073158,0.7332299037472523,Transfer recommended
2024-10-29,BB004,O+,Platelets,11,17.53715488010525,7,7,18.0,0.0,Resolved,BB006,7,0.9445460210100445,0.72091281549533,Transfer recommended
2024-10-30,BB004,O+,Platelets,4,17.249563436455343,14,14,18.0,0.0,Resolved,BB006,14,0.9555469857727,0.7489548183235433,Transfer recommended
2024-10-31,BB004,O+,Platelets,1,16.17734888990233,16,16,17.0,0.0,Resolved,BB002,16,0.8641234945381656,0.7533069235933172,Transfer recommended
2024-11-01,BB004,O+,Platelets,0,15.941397620593358,16,16,16.0,0.0,Resolved,BB011,16,0.9211216265922333,0.7880040109265398,Transfer recommended
2024-11-02,BB004,O+,Platelets,2,17.72987502174404,16,16,18.0,0.0,Resolved,BB011,16,0.9518398796957942,0.7931401273591692,Transfer recommended
2024-11-03,BB004,O+,Platelets,14,17.07597259949349,4,4,18.0,0.0,Resolved,BB011,4,0.9582224008413446,0.7004457835143274,Transfer recommended
2024-11-04,BB004,O+,Platelets,8,17.16691785578005,10,10,18.0,0.0,Resolved,BB011,10,0.9476914487812241,0.700904038297272,Transfer recommended
2024-11-05,BB004,O+,Platelets,2,16.911421269688706,15,10,12.0,4.911421269688706,Partially Resolved,BB011,10,0.9475383838020007,0.7314313753131096,Transfer plus external replenishment required
2024-11-06,BB004,O+,Platelets,2,16.5603228326471,15,15,17.0,0.0,Resolved,BB002,15,0.9355218061907199,0.7712998150317318,Transfer recommended
2024-11-07,BB004,O+,Platelets,7,16.233055767473466,10,1,8.0,8.233055767473466,Partially Resolved,BB002,1,0.9392005601860086,0.7695610442206728,Transfer plus external replenishment required
2024-11-08,BB004,O+,Platelets,0,15.87079578456058,16,16,16.0,0.0,Resolved,BB006,16,0.9316541419443111,0.7224534125654907,Transfer recommended
2024-11-09,BB004,O+,Platelets,0,14.523166825727548,15,15,15.0,0.0,Resolved,BB006,15,0.944244504291076,0.7501674108949079,Transfer recommended
2024-11-10,BB004,O+,Platelets,0,15.609233127859703,16,11,11.0,4.609233127859703,Partially Resolved,BB005,11,0.9322075622996805,0.7554737890391994,Transfer plus external replenishment required
2024-11-11,BB004,O+,Platelets,0,16.31152934553582,17,17,17.0,0.0,Resolved,BB001,17,0.942618056285539,0.7514027166154065,Transfer recommended
2024-11-12,BB004,O+,Platelets,0,16.259240213957842,17,17,17.0,0.0,Resolved,BB001,17,0.9498566434948971,0.7705983866407518,Transfer recommended
2024-11-13,BB004,O+,Platelets,0,16.12878317544789,17,17,17.0,0.0,Resolved,BB001,17,0.8959535077998633,0.7673415196237519,Transfer recommended
2024-11-14,BB004,O+,Platelets,0,17.565828119327467,18,18,18.0,0.0,Resolved,BB001,18,0.935611605804858,0.7753469418816907,Transfer recommended
2024-11-15,BB004,O+,Platelets,0,16.998593178193932,17,17,17.0,0.0,Resolved,BB001,17,0.9306232910801251,0.7654730002243983,Transfer recommended
2024-11-16,BB004,O+,Platelets,0,15.96220072741715,16,16,16.0,0.0,Resolved,BB001,16,0.9309658479192945,0.7622640548096571,Transfer recommended
2024-11-17,BB004,O+,Platelets,0,15.788984170756382,16,16,16.0,0.0,Resolved,BB001,16,0.9467200740356423,0.7632672483785745,Transfer recommended
2024-11-18,BB004,O+,Platelets,6,16.034254171809568,11,11,17.0,0.0,Resolved,BB001,11,0.924621716356121,0.7594309604517748,Transfer recommended
2024-11-19,BB004,O+,Platelets,7,16.260265387609756,10,10,17.0,0.0,Resolved,BB001,10,0.8939278171980123,0.7280781202664017,Transfer recommended
2024-11-20,BB004,O+,Platelets,6,16.154586200509844,11,11,17.0,0.0,Resolved,BB001,11,0.907365342571396,0.7353072261212612,Transfer recommended
2024-11-21,BB004,O+,Platelets,8,14.988952781369727,7,7,15.0,0.0,Resolved,BB001,7,0.9196810705043749,0.7192606736472029,Transfer recommended
2024-12-28,BB004,O+,Platelets,13,19.269589938964586,7,7,20.0,0.0,Resolved,BB010,7,0.8768946534554446,0.522263905691268,Transfer recommended
2024-12-29,BB004,O+,Platelets,18,19.238967930613857,2,2,20.0,0.0,Resolved,BB010,2,0.8918222490041292,0.6239686091954448,Transfer recommended
2024-12-30,BB004,O+,Platelets,10,19.725871499539814,10,10,20.0,0.0,Resolved,BB006,10,0.9042998851020974,0.6703323815391071,Transfer recommended
2024-10-30,BB004,O-,Platelets,0,1.838503088969827,2,2,2.0,0.0,Resolved,BB001,2,0.8941475573743629,0.6231827582659613,Transfer recommended
2024-10-31,BB004,O-,Platelets,0,2.0070694808481533,3,3,3.0,0.0,Resolved,BB001,3,0.8728331831197627,0.6679319476944834,Transfer recommended
2024-11-01,BB004,O-,Platelets,0,2.0070694808481533,3,3,3.0,0.0,Resolved,BB005,3,0.9204993962739207,0.6693936031670429,Transfer recommended
2024-11-12,BB004,O-,Platelets,0,1.8758887150284116,2,0,0.0,1.8758887150284116,Network Uncovered,,0,0.0,0.0,External replenishment required
2024-11-13,BB004,O-,Platelets,0,1.9346429815223107,2,0,0.0,1.9346429815223107,Network Uncovered,,0,0.0,0.0,External replenishment required
2024-11-14,BB004,O-,Platelets,0,1.9346429815223107,2,0,0.0,1.9346429815223107,Network Uncovered,,0,0.0,0.0,External replenishment required
2024-11-15,BB004,O-,Platelets,0,1.9658705462319117,2,0,0.0,1.9658705462319117,Network Uncovered,,0,0.0,0.0,External replenishment required
2024-11-22,BB004,O-,Platelets,0,2.092370322958153,3,3,3.0,0.0,Resolved,BB006,3,0.9331427853502201,0.6488779153261917,Transfer recommended
2024-11-23,BB004,O-,Platelets,0,2.0722224452394404,3,3,3.0,0.0,Resolved,BB003,3,0.8961067944083914,0.6737458037735591,Transfer recommended
2024-11-27,BB004,O-,Platelets,0,1.8142854318320865,2,2,2.0,0.0,Resolved,BB011,2,0.8929652487938995,0.6433500651148839,Transfer recommended
2024-11-28,BB004,O-,Platelets,0,1.7753616976537283,2,2,2.0,0.0,Resolved,BB010,2,0.8448973207243241,0.6718380090507681,Transfer recommended
2024-11-29,BB004,O-,Platelets,0,1.7753616976537283,2,2,2.0,0.0,Resolved,BB007,2,0.8181309057902023,0.6718380090507681,Transfer recommended
2024-11-30,BB004,O-,Platelets,0,1.781333266211118,2,2,2.0,0.0,Resolved,BB009,2,0.9114720231496112,0.6737297140277503,Transfer recommended
2024-12-01,BB004,O-,Platelets,0,1.8702007059482975,2,2,2.0,0.0,Resolved,BB009,2,0.9244261602849232,0.6737599030927655,Transfer recommended
2024-12-02,BB004,O-,Platelets,0,1.9401003135917725,2,2,2.0,0.0,Resolved,BB009,2,0.9244261602849232,0.6737599030927655,Transfer recommended
2024-12-24,BB004,O-,Platelets,1,2.2877748368256383,2,0,1.0,1.2877748368256383,Network Uncovered,,0,0.0,0.0,External replenishment required
2024-12-25,BB004,O-,Platelets,0,2.2190552748071712,3,1,1.0,1.2190552748071712,Partially Resolved,BB003,1,0.7496333734948715,0.6556086694604227,Transfer plus external replenishment required
2024-12-26,BB004,O-,Platelets,0,2.299899554009788,3,3,3.0,0.0,Resolved,BB003,3,0.913198491667808,0.6673950092812193,Transfer recommended
2024-12-27,BB004,O-,Platelets,1,2.299899554009788,2,2,3.0,0.0,Resolved,BB008,2,0.9190275524197082,0.6678591415887876,Transfer recommended
2024-12-28,BB004,O-,Platelets,0,2.2965853977607162,3,0,0.0,2.2965853977607162,Network Uncovered,,0,0.0,0.0,External replenishment required
2024-12-29,BB004,O-,Platelets,0,2.3011857932335706,3,0,0.0,2.3011857932335706,Network Uncovered,,0,0.0,0.0,External replenishment required
2024-12-30,BB004,O-,Platelets,0,2.1626801904479485,3,0,0.0,2.1626801904479485,Network Uncovered,,0,0.0,0.0,External replenishment required
2024-10-21,BB005,A+,Platelets,0,9.652233337304425,10,10,10.0,0.0,Resolved,BB002,10,0.9221597720284117,0.6475465303851162,Transfer recommended
2024-10-22,BB005,A+,Platelets,0,9.879787620443176,10,10,10.0,0.0,Resolved,BB007,10,0.9368887065714642,0.7247854795283508,Transfer recommended
2024-10-23,BB005,A+,Platelets,0,9.219706201336589,10,10,10.0,0.0,Resolved,BB001,10,0.9007477001454149,0.7305356236619627,Transfer recommended
2024-12-13,BB005,A+,Platelets,6,9.763186090758932,4,4,10.0,0.0,Resolved,BB010,4,0.9406650342504909,0.5542693540662738,Transfer recommended
2024-12-14,BB005,A+,Platelets,3,9.856582806335009,7,7,10.0,0.0,Resolved,BB010,7,0.9474654510400778,0.6888571462165874,Transfer recommended
2024-12-15,BB005,A+,Platelets,2,10.025134919750695,9,9,11.0,0.0,Resolved,BB010,9,0.9474942081134305,0.7359230133172221,Transfer recommended
2024-12-16,BB005,A+,Platelets,1,10.007414711674691,10,10,11.0,0.0,Resolved,BB009,10,0.938620421427932,0.735393673303159,Transfer recommended
2024-12-17,BB005,A+,Platelets,2,9.918217680463354,8,8,10.0,0.0,Resolved,BB009,8,0.971965590327128,0.7466522143058789,Transfer recommended
2024-12-18,BB005,A+,Platelets,1,9.587411654770102,9,9,10.0,0.0,Resolved,BB009,9,0.9534189996971805,0.7339672168153046,Transfer recommended
2024-12-19,BB005,A+,Platelets,0,11.14311972873811,12,12,12.0,0.0,Resolved,BB009,12,0.9544195707727691,0.7330168224523037,Transfer recommended
2024-12-10,BB005,A-,Platelets,0,1.0864112349015245,2,0,0.0,1.0864112349015245,Network Uncovered,,0,0.0,0.0,External replenishment required
2024-12-12,BB005,A-,Platelets,0,1.1999606430483207,2,2,2.0,0.0,Resolved,BB006,2,0.8876313186413332,0.5964163299093864,Transfer recommended
2024-12-16,BB005,A-,Platelets,0,1.1565625337894843,2,0,0.0,1.1565625337894843,Network Uncovered,,0,0.0,0.0,External replenishment required
2024-12-17,BB005,A-,Platelets,0,1.1565625337894843,2,2,2.0,0.0,Resolved,BB002,2,0.7075806287446295,0.6591468933410329,Transfer recommended
2024-12-18,BB005,A-,Platelets,0,1.1863583616295927,2,2,2.0,0.0,Resolved,BB002,2,0.8653425195642237,0.6592882755591973,Transfer recommended
2024-12-19,BB005,A-,Platelets,0,1.1565625337894843,2,0,0.0,1.1565625337894843,Network Uncovered,,0,0.0,0.0,External replenishment required
2024-12-20,BB005,A-,Platelets,0,1.3241852193366772,2,0,0.0,1.3241852193366772,Network Uncovered,,0,0.0,0.0,External replenishment required
2024-12-21,BB005,A-,Platelets,0,1.2187364995079668,2,2,2.0,0.0,Resolved,BB007,2,0.782240720133298,0.654852486424115,Transfer recommended
2024-12-22,BB005,A-,Platelets,0,1.1999606430483207,2,2,2.0,0.0,Resolved,BB007,2,0.9099112770735711,0.6551126705182317,Transfer recommended
2024-12-23,BB005,A-,Platelets,0,1.168733078338719,2,2,2.0,0.0,Resolved,BB007,2,0.9373324811726961,0.6542442481764141,Transfer recommended
2024-12-28,BB005,A-,Platelets,0,1.0425577732794389,2,2,2.0,0.0,Resolved,BB010,2,0.9270245711584596,0.5978883844201829,Transfer recommended
2024-10-17,BB005,AB+,Platelets,0,2.4427979526925556,3,2,2.0,0.4427979526925556,Resolved,BB007,2,0.9445000328716537,0.5864234639644663,Transfer recommended
2024-10-18,BB005,AB+,Platelets,0,2.586956627099559,3,3,3.0,0.0,Resolved,BB001,3,0.9371800411370624,0.6763897863066849,Transfer recommended
2024-10-19,BB005,AB+,Platelets,0,2.6460396895839593,3,3,3.0,0.0,Resolved,BB001,3,0.9007384782991206,0.6761433269199221,Transfer recommended
2024-10-20,BB005,AB+,Platelets,0,2.586956627099559,3,3,3.0,0.0,Resolved,BB001,3,0.9323248215930869,0.6749990513953601,Transfer recommended
2024-12-15,BB005,AB+,Platelets,0,2.9235283256508797,3,3,3.0,0.0,Resolved,BB007,3,0.8809538820838656,0.6355865567279366,Transfer recommended
2024-12-16,BB005,AB+,Platelets,0,2.9414339306660304,3,3,3.0,0.0,Resolved,BB007,3,0.8961879392546205,0.6757710646640034,Transfer recommended
2024-12-17,BB005,AB+,Platelets,0,2.9414339306660304,3,2,2.0,0.9414339306660304,Resolved,BB007,2,0.9095716344329224,0.6759302751774899,Transfer recommended
2024-10-14,BB005,B+,Platelets,12,15.408659846679749,4,4,16.0,0.0,Resolved,BB010,4,0.9445243385565266,0.6057493935319187,Transfer recommended
2024-10-15,BB005,B+,Platelets,12,13.929522352412738,2,2,14.0,0.0,Resolved,BB011,2,0.9358625875462029,0.6292515492185455,Transfer recommended
2024-10-27,BB005,B+,Platelets,8,13.245501136976701,6,6,14.0,0.0,Resolved,BB001,6,0.9528932382371599,0.36589079962069915,Transfer recommended
2024-10-28,BB005,B+,Platelets,3,12.937217326373583,10,10,13.0,0.0,Resolved,BB001,10,0.9479356166030131,0.7123507139828038,Transfer recommended
2024-11-07,BB005,B+,Platelets,9,10.997529944867063,2,2,11.0,0.0,Resolved,BB008,2,0.8689095833761432,0.4855538648075823,Transfer recommended
2024-12-30,BB005,B+,Platelets,7,10.904155842853571,4,4,11.0,0.0,Resolved,BB004,4,0.9503648763939112,0.6621499099563989,Transfer recommended
2024-10-04,BB005,B-,Platelets,0,1.1972682014559233,2,0,0.0,1.1972682014559233,Network Uncovered,,0,0.0,0.0,External replenishment required
2024-10-04,BB005,O+,PRBC,39,44.25522635776251,6,6,45.0,0.0,Resolved,BB006,6,0.754645823439652,0.3547950403541211,Transfer recommended
2024-10-25,BB005,O+,Platelets,11,16.982003592063183,6,6,17.0,0.0,Resolved,BB012,6,0.9145760742326449,0.2876214592837377,Transfer recommended
2024-10-29,BB005,O+,Platelets,5,17.906346402254364,13,13,18.0,0.0,Resolved,BB006,13,0.9445460210100445,0.6181125577230293,Transfer recommended
2024-10-30,BB005,O+,Platelets,0,17.436668236429597,18,18,18.0,0.0,Resolved,BB006,18,0.9555469857727,0.7689509079292822,Transfer recommended
2024-10-31,BB005,O+,Platelets,0,17.091605009867997,18,18,18.0,0.0,Resolved,BB006,18,0.936281426673061,0.7983438448591456,Transfer recommended
2024-11-01,BB005,O+,Platelets,14,16.720348996050124,3,3,17.0,0.0,Resolved,BB011,3,0.9211216265922333,0.6769815067064231,Transfer recommended
2024-11-25,BB005,O+,Platelets,5,16.75436629287606,12,12,17.0,0.0,Resolved,BB002,12,0.9437476647328914,0.603256372160895,Transfer recommended
2024-11-26,BB005,O+,Platelets,16,17.36837207661952,2,2,18.0,0.0,Resolved,BB002,2,0.9543458407114823,0.6793131106533339,Transfer recommended
2024-11-27,BB005,O+,Platelets,6,15.6689438128869,10,10,16.0,0.0,Resolved,BB002,10,0.9601368543515819,0.6848085658961243,Transfer recommended
2024-11-28,BB005,O+,Platelets,11,15.901963123200263,5,5,16.0,0.0,Resolved,BB002,5,0.9475286015003598,0.7007062972549783,Transfer recommended
2024-11-29,BB005,O+,Platelets,13,14.658246080378722,2,2,15.0,0.0,Resolved,BB002,2,0.9426948079692862,0.6310178796913715,Transfer recommended
2024-12-06,BB005,O+,Platelets,12,17.975843915251073,6,6,18.0,0.0,Resolved,BB008,6,0.9452016811200937,0.28089024783468397,Transfer recommended
2024-12-07,BB005,O+,Platelets,4,21.207341971533083,18,13,17.0,4.207341971533083,Partially Resolved,BB011,13,0.9345965897465014,0.7819773128758227,Transfer plus external replenishment required
2024-12-08,BB005,O+,Platelets,8,19.521561788217998,12,12,20.0,0.0,Resolved,BB001,12,0.9320324070308016,0.818088218491533,Transfer recommended
2024-12-09,BB005,O+,Platelets,8,17.760429636791237,10,10,18.0,0.0,Resolved,BB009,10,0.9441413864455857,0.7885642327988323,Transfer recommended
2024-12-10,BB005,O+,Platelets,15,19.167153987457862,5,5,20.0,0.0,Resolved,BB006,5,0.9433485901388063,0.7243292040680553,Transfer recommended
2024-11-26,BB005,O-,Platelets,0,1.1009447782828425,2,0,0.0,1.1009447782828425,Network Uncovered,,0,0.0,0.0,External replenishment required
2024-11-27,BB005,O-,Platelets,0,1.214971089342442,2,2,2.0,0.0,Resolved,BB011,2,0.8929652487938995,0.6674892817788982,Transfer recommended
2024-12-05,BB005,O-,Platelets,1,2.1363753744805156,2,2,3.0,0.0,Resolved,BB009,2,0.8844212642871077,0.5885589838465757,Transfer recommended
2024-12-08,BB005,O-,Platelets,0,2.4773790308534798,3,3,3.0,0.0,Resolved,BB011,3,0.9166759782621234,0.6185727620713162,Transfer recommended
2024-12-09,BB005,O-,Platelets,1,2.4876091254740658,2,2,3.0,0.0,Resolved,BB009,2,0.8160518173280461,0.6748355614591188,Transfer recommended
2024-12-19,BB005,O-,Platelets,1,2.661227943725069,2,2,3.0,0.0,Resolved,BB004,2,0.8331416696776102,0.5830551451020789,Transfer recommended
2024-12-20,BB005,O-,Platelets,0,2.3389322165014286,3,3,3.0,0.0,Resolved,BB004,3,0.9004650749611542,0.6455630433195847,Transfer recommended
2024-12-21,BB005,O-,Platelets,0,2.4336521075790047,3,3,3.0,0.0,Resolved,BB004,3,0.9361088110427472,0.6683697997807801,Transfer recommended
2024-12-22,BB005,O-,Platelets,0,2.5391008274077165,3,0,0.0,2.5391008274077165,Network Uncovered,,0,0.0,0.0,External replenishment required
2024-12-23,BB005,O-,Platelets,0,2.5391008274077165,3,0,0.0,2.5391008274077165,Network Uncovered,,0,0.0,0.0,External replenishment required
2024-12-24,BB005,O-,Platelets,0,2.4537999852977173,3,3,3.0,0.0,Resolved,BB003,3,0.5869637268915127,0.6643471867725801,Transfer recommended
2024-10-24,BB006,A+,Platelets,9,10.763870543292319,2,2,11.0,0.0,Resolved,BB010,2,0.9173549232068685,0.5318192239390136,Transfer recommended
2024-10-26,BB006,A+,Platelets,4,10.41636337623047,7,6,10.0,0.4163633762304695,Resolved,BB012,6,0.9343040469759655,0.6615416885102334,Transfer recommended
2024-11-06,BB006,A+,Platelets,7,11.291151709321712,5,3,10.0,1.2911517093217117,Partially Resolved,BB005,3,0.910736938113947,0.5035038958553909,Transfer plus external replenishment required
2024-11-16,BB006,A+,Platelets,0,10.374624810365209,11,11,11.0,0.0,Resolved,BB005,11,0.9300138956024467,0.6276621606446405,Transfer recommended
2024-11-17,BB006,A+,Platelets,6,11.14577309541121,6,6,12.0,0.0,Resolved,BB005,6,0.9391479149617264,0.7143604895918573,Transfer recommended
2024-11-19,BB006,A+,Platelets,4,11.06138592413924,8,8,12.0,0.0,Resolved,BB005,8,0.9482027082140672,0.654062228708403,Transfer recommended
2024-11-20,BB006,A+,Platelets,5,11.029156350817457,7,7,12.0,0.0,Resolved,BB005,7,0.9488661462778791,0.7231283372171886,Transfer recommended
2024-11-21,BB006,A+,Platelets,0,10.97135601712355,11,11,11.0,0.0,Resolved,BB005,11,0.9273701907839275,0.7136600672372178,Transfer recommended
2024-11-22,BB006,A+,Platelets,0,11.615244088264665,12,12,12.0,0.0,Resolved,BB005,12,0.9180077372194927,0.7337494636475339,Transfer recommended
2024-11-23,BB006,A+,Platelets,0,11.484148391932834,12,12,12.0,0.0,Resolved,BB009,12,0.964528274298491,0.7307467773479139,Transfer recommended
2024-11-24,BB006,A+,Platelets,1,11.367934972640471,11,11,12.0,0.0,Resolved,BB009,11,0.957056384733694,0.7287836202359936,Transfer recommended
2024-11-25,BB006,A+,Platelets,4,11.346740805554205,8,8,12.0,0.0,Resolved,BB003,8,0.951142359792719,0.7343983396503357,Transfer recommended
2024-12-02,BB006,A+,Platelets,0,11.58687906553754,12,9,9.0,2.5868790655375395,Partially Resolved,BB001,9,0.8653117923014289,0.6572881770438095,Transfer plus external replenishment required
2024-12-03,BB006,A+,Platelets,9,11.684645884888733,3,3,12.0,0.0,Resolved,BB003,3,0.8685344203174336,0.6685379525380003,Transfer recommended
2024-12-28,BB006,A+,Platelets,6,11.040005457843163,6,6,12.0,0.0,Resolved,BB001,6,0.9557647307228601,0.5921230065078162,Transfer recommended
2024-12-29,BB006,A+,Platelets,0,11.37372203268516,12,12,12.0,0.0,Resolved,BB009,12,0.9448945012957459,0.7143491868070957,Transfer recommended
2024-12-30,BB006,A+,Platelets,0,10.943614188124918,11,11,11.0,0.0,Resolved,BB001,11,0.9524497857439819,0.7486606305387988,Transfer recommended
2024-12-23,BB006,A-,Platelets,0,1.168733078338719,2,2,2.0,0.0,Resolved,BB007,2,0.9373324811726961,0.46103630233391085,Transfer recommended
2024-12-24,BB006,A-,Platelets,0,1.2686802050667874,2,2,2.0,0.0,Resolved,BB007,2,0.9297584329197172,0.6570302247713276,Transfer recommended
2024-12-28,BB006,A-,Platelets,0,1.0713710605007596,2,2,2.0,0.0,Resolved,BB010,2,0.9270245711584596,0.5809790773258379,Transfer recommended
2024-12-29,BB006,A-,Platelets,0,1.101166888340868,2,0,0.0,1.101166888340868,Network Uncovered,,0,0.0,0.0,External replenishment required
2024-10-21,BB006,AB+,PRBC,0,8.022992593064904,9,9,9.0,0.0,Resolved,BB007,9,0.7788660597202067,0.2758065036598611,Transfer recommended
2024-10-22,BB006,AB+,PRBC,0,8.49292472833716,9,9,9.0,0.0,Resolved,BB007,9,0.7986678002545271,0.7111514965892134,Transfer recommended
2024-10-23,BB006,AB+,PRBC,0,8.034229980632139,9,9,9.0,0.0,Resolved,BB011,9,0.7844783367947278,0.7106166077834579,Transfer recommended
2024-10-24,BB006,AB+,PRBC,0,8.29342505193842,9,9,9.0,0.0,Resolved,BB007,9,0.7960657398872636,0.7113828010447358,Transfer recommended
2024-10-25,BB006,AB+,PRBC,4,8.4860333645525,5,5,9.0,0.0,Resolved,BB007,5,0.7837355556745487,0.7066517935139114,Transfer recommended
2024-10-26,BB006,AB+,PRBC,4,8.06097115831385,5,5,9.0,0.0,Resolved,BB007,5,0.7572146072418636,0.6919040493216669,Transfer recommended
2024-10-27,BB006,AB+,PRBC,7,8.165935864441153,2,2,9.0,0.0,Resolved,BB008,2,0.785254360747414,0.6098953637583225,Transfer recommended
2024-11-06,BB006,AB+,PRBC,0,8.219810924060244,9,9,9.0,0.0,Resolved,BB008,9,0.7430375147612843,0.6453899895043881,Transfer recommended
2024-11-07,BB006,AB+,PRBC,2,7.857138968912633,6,6,8.0,0.0,Resolved,BB008,6,0.753968950209494,0.7046764210812879,Transfer recommended
2024-11-08,BB006,AB+,PRBC,4,7.840581163867923,4,4,8.0,0.0,Resolved,BB008,4,0.7737656987372006,0.6892108249553913,Transfer recommended
2024-11-09,BB006,AB+,PRBC,3,7.767097354531524,5,5,8.0,0.0,Resolved,BB008,5,0.7717129666501548,0.6876200498300371,Transfer recommended
2024-11-10,BB006,AB+,PRBC,2,7.766990398928832,6,6,8.0,0.0,Resolved,BB008,6,0.7835090515512286,0.7003715076993076,Transfer recommended
2024-11-11,BB006,AB+,PRBC,1,7.740747851827206,7,7,8.0,0.0,Resolved,BB008,7,0.7340738641683776,0.7013397959276253,Transfer recommended
2024-11-12,BB006,AB+,PRBC,1,7.740747851827206,7,7,8.0,0.0,Resolved,BB008,7,0.7876249673503534,0.7059861320675591,Transfer recommended
2024-11-13,BB006,AB+,PRBC,0,7.725200369581348,8,8,8.0,0.0,Resolved,BB008,8,0.763850562452086,0.7039289790943042,Transfer recommended
2024-11-14,BB006,AB+,PRBC,4,7.725200369581348,4,4,8.0,0.0,Resolved,BB004,4,0.7706928640927455,0.7016361624189522,Transfer recommended
2024-12-25,BB006,AB+,PRBC,6,8.55910145819181,3,3,9.0,0.0,Resolved,BB008,3,0.6540861241502135,0.3153855122088458,Transfer recommended
2024-12-26,BB006,AB+,PRBC,1,8.557323488371601,8,8,9.0,0.0,Resolved,BB008,8,0.7027695022128566,0.7016981019430486,Transfer recommended
2024-10-02,BB006,AB+,Platelets,1,3.7648333478022638,3,3,4.0,0.0,Resolved,BB003,3,0.928517331180972,0.6452379030600244,Transfer recommended
2024-10-03,BB006,AB+,Platelets,2,3.7648333478022638,2,2,4.0,0.0,Resolved,BB004,2,0.9441921154500154,0.6596485223947087,Transfer recommended
2024-10-04,BB006,AB+,Platelets,2,3.6951850714119265,2,2,4.0,0.0,Resolved,BB004,2,0.9371364742255818,0.6409711025197574,Transfer recommended
2024-10-05,BB006,AB+,Platelets,0,3.4329681009108324,4,4,4.0,0.0,Resolved,BB004,4,0.9552955650582873,0.6583226328862893,Transfer recommended
2024-10-09,BB006,AB+,Platelets,2,3.090808706939818,2,2,4.0,0.0,Resolved,BB004,2,0.9391110821875048,0.5798325529498392,Transfer recommended
2024-10-10,BB006,AB+,Platelets,1,3.090808706939818,3,3,4.0,0.0,Resolved,BB009,3,0.9422117383782632,0.6455778680306392,Transfer recommended
2024-10-11,BB006,AB+,Platelets,0,3.453115978629545,4,4,4.0,0.0,Resolved,BB009,4,0.9442952768967371,0.6676306092971869,Transfer recommended
2024-10-12,BB006,AB+,Platelets,0,3.577841883857873,4,4,4.0,0.0,Resolved,BB005,4,0.9185729055527969,0.6784634175551796,Transfer recommended
2024-10-13,BB006,AB+,Platelets,0,3.5979897615765855,4,4,4.0,0.0,Resolved,BB007,4,0.9115313001680314,0.6844313651609341,Transfer recommended
2024-10-14,BB006,AB+,Platelets,0,3.706581385303415,4,4,4.0,0.0,Resolved,BB007,4,0.92527260610294,0.6845147853175996,Transfer recommended
2024-10-15,BB006,AB+,Platelets,1,3.473765185288229,3,3,4.0,0.0,Resolved,BB007,3,0.9261994370391993,0.6805365785574885,Transfer recommended
2024-10-16,BB006,AB+,Platelets,1,3.453010895155743,3,3,4.0,0.0,Resolved,BB007,3,0.9346303770785926,0.6628327986009253,Transfer recommended
2024-10-21,BB006,AB+,Platelets,2,3.2091281212921854,2,2,4.0,0.0,Resolved,BB002,2,0.9414289490107492,0.22019104378525142,Transfer recommended
2024-10-24,BB006,AB+,Platelets,1,4.0153797921982335,4,1,2.0,2.0153797921982335,Partially Resolved,BB001,1,0.9158337895540596,0.5020415828353504,Transfer plus external replenishment required
2024-12-14,BB006,AB+,Platelets,0,2.686613999728984,3,1,1.0,1.686613999728984,Partially Resolved,BB003,1,0.885369378859634,0.5979232243285052,Transfer plus external replenishment required
2024-12-21,BB006,AB+,Platelets,0,3.761339132691386,4,2,2.0,1.7613391326913859,Partially Resolved,BB007,2,0.9149246388968038,0.3532356874431104,Transfer plus external replenishment required
2024-12-22,BB006,AB+,Platelets,0,4.250711521387164,5,5,5.0,0.0,Resolved,BB003,5,0.9179318673072302,0.6847397460689473,Transfer recommended
2024-12-23,BB006,AB+,Platelets,0,4.179951673825621,5,5,5.0,0.0,Resolved,BB003,5,0.9087488534303407,0.6857350934164042,Transfer recommended
2024-12-25,BB006,AB+,Platelets,2,3.586558412722453,2,2,4.0,0.0,Resolved,BB003,2,0.8900050075220983,0.623480757059863,Transfer recommended
2024-12-26,BB006,AB+,Platelets,0,3.586558412722453,4,4,4.0,0.0,Resolved,BB003,4,0.8884800694699171,0.6658380504428554,Transfer recommended
2024-12-27,BB006,AB+,Platelets,0,3.67175417135865,4,3,3.0,0.6717541713586499,Resolved,BB005,3,0.9007530499550884,0.6843542640494833,Transfer recommended
2024-12-28,BB006,AB+,Platelets,0,3.721359653504077,4,4,4.0,0.0,Resolved,BB003,4,0.8665134147103255,0.6836949809095296,Transfer recommended
2024-12-29,BB006,AB+,Platelets,0,3.6860025169529,4,4,4.0,0.0,Resolved,BB010,4,0.9196275112746637,0.6746692498158768,Transfer recommended
2024-12-30,BB006,AB+,Platelets,0,3.6860025169529,4,4,4.0,0.0,Resolved,BB010,4,0.906583208908728,0.6724455410369481,Transfer recommended
2024-10-09,BB006,B+,Platelets,10,12.67735699892789,3,3,13.0,0.0,Resolved,BB001,3,0.9361738949948364,0.4005295835272966,Transfer recommended
2024-10-10,BB006,B+,Platelets,7,11.306372726452686,5,4,11.0,0.3063727264526861,Resolved,BB011,4,0.9343840261998414,0.6282859802458503,Transfer recommended
2024-12-03,BB006,B+,Platelets,9,10.48378198821757,2,2,11.0,0.0,Resolved,BB011,2,0.9210536291310656,0.4057008048134019,Transfer recommended
2024-12-08,BB006,B+,Platelets,9,11.348691977278676,3,3,12.0,0.0,Resolved,BB009,3,0.9410062863179337,0.3371540388891612,Transfer recommended
2024-12-09,BB006,B+,Platelets,7,11.568412868552407,5,5,12.0,0.0,Resolved,BB002,5,0.9457203073898832,0.6791376280420898,Transfer recommended
2024-12-10,BB006,B+,Platelets,6,11.352289318565022,6,6,12.0,0.0,Resolved,BB008,6,0.9221160557502979,0.7267078211291782,Transfer recommended
2024-12-11,BB006,B+,Platelets,7,11.331037067415092,5,5,12.0,0.0,Resolved,BB005,5,0.9454607307478645,0.6929884404288912,Transfer recommended
2024-12-12,BB006,B+,Platelets,3,11.224119828127751,9,9,12.0,0.0,Resolved,BB005,9,0.9468206997813519,0.7246479642175543,Transfer recommended
2024-12-13,BB006,B+,Platelets,4,11.07265596277818,8,8,12.0,0.0,Resolved,BB005,8,0.95185518434924,0.7387192132815459,Transfer recommended
2024-12-14,BB006,B+,Platelets,0,10.626569151652838,11,11,11.0,0.0,Resolved,BB007,11,0.9427662170881099,0.7226905855042514,Transfer recommended
2024-10-06,BB006,B-,Platelets,0,1.0564428734021165,2,2,2.0,0.0,Resolved,BB007,2,0.9238892779808036,0.6534708538140488,Transfer recommended
2024-10-07,BB006,B-,Platelets,0,1.0564428734021165,2,2,2.0,0.0,Resolved,BB007,2,0.9273894863858038,0.6553301460735644,Transfer recommended
2024-10-09,BB006,B-,Platelets,0,1.0252153086925149,2,2,2.0,0.0,Resolved,BB002,2,0.5637926429415039,0.590421574158826,Transfer recommended
2024-10-10,BB006,B-,Platelets,0,1.1285486394374566,2,2,2.0,0.0,Resolved,BB002,2,0.9039119282262047,0.652784911225214,Transfer recommended
2024-10-11,BB006,B-,Platelets,0,1.1285486394374566,2,2,2.0,0.0,Resolved,BB002,2,0.9209084265742408,0.652784911225214,Transfer recommended
2024-10-12,BB006,B-,Platelets,0,1.1084007617187446,2,0,0.0,1.1084007617187446,Network Uncovered,,0,0.0,0.0,External replenishment required
2024-10-13,BB006,B-,Platelets,0,1.0973210747278554,2,0,0.0,1.0973210747278554,Network Uncovered,,0,0.0,0.0,External replenishment required
2024-10-14,BB006,B-,Platelets,0,1.000470768977953,2,0,0.0,1.000470768977953,Network Uncovered,,0,0.0,0.0,External replenishment required
2024-10-15,BB006,B-,Platelets,0,1.000470768977953,2,0,0.0,1.000470768977953,Network Uncovered,,0,0.0,0.0,External replenishment required
2024-10-16,BB006,B-,Platelets,0,1.000470768977953,2,0,0.0,1.000470768977953,Network Uncovered,,0,0.0,0.0,External replenishment required
2024-10-17,BB006,B-,Platelets,0,1.000470768977953,2,0,0.0,1.000470768977953,Network Uncovered,,0,0.0,0.0,External replenishment required
2024-10-18,BB006,B-,Platelets,0,1.000470768977953,2,2,2.0,0.0,Resolved,BB009,2,0.8572232975833469,0.6494589292343211,Transfer recommended
2024-12-20,BB006,B-,Platelets,0,1.0402840885263474,2,2,2.0,0.0,Resolved,BB001,2,0.9062371779473287,0.6217352018903946,Transfer recommended
2024-12-21,BB006,B-,Platelets,0,1.0155395488117855,2,2,2.0,0.0,Resolved,BB001,2,0.9429429996398252,0.6490258566035837,Transfer recommended
2024-12-22,BB006,B-,Platelets,0,1.0402840885263474,2,0,0.0,1.0402840885263474,Network Uncovered,,0,0.0,0.0,External replenishment required
2024-12-23,BB006,B-,Platelets,0,1.0978613922489802,2,2,2.0,0.0,Resolved,BB005,2,0.9220683977534143,0.6430983307993825,Transfer recommended
2024-12-24,BB006,B-,Platelets,0,1.0978613922489802,2,2,2.0,0.0,Resolved,BB005,2,0.9280713329886938,0.6491563238245339,Transfer recommended
2024-12-25,BB006,B-,Platelets,0,1.1947116979988825,2,2,2.0,0.0,Resolved,BB007,2,0.8887433045611203,0.6491563238245339,Transfer recommended
2024-11-16,BB006,O+,Platelets,12,16.741907027778332,5,5,17.0,0.0,Resolved,BB011,5,0.9289034359466568,0.2801780742166885,Transfer recommended
2024-11-27,BB006,O+,Platelets,7,15.749447751442766,9,9,16.0,0.0,Resolved,BB002,9,0.9601368543515819,0.6689775807257139,Transfer recommended
2024-11-28,BB006,O+,Platelets,0,15.903185396439598,16,16,16.0,0.0,Resolved,BB002,16,0.9475286015003598,0.7464366482439639,Transfer recommended
2024-11-29,BB006,O+,Platelets,0,16.967066775610732,17,17,17.0,0.0,Resolved,BB002,17,0.9426948079692862,0.7922485230208571,Transfer recommended
2024-11-30,BB006,O+,Platelets,0,17.590300580829147,18,18,18.0,0.0,Resolved,BB002,18,0.9397594413719264,0.8111065635452879,Transfer recommended
2024-12-01,BB006,O+,Platelets,2,18.09164873210322,17,17,19.0,0.0,Resolved,BB002,17,0.939103518377453,0.8048925086737786,Transfer recommended
2024-12-02,BB006,O+,Platelets,2,19.57444880611132,18,18,20.0,0.0,Resolved,BB002,18,0.9387861341101745,0.8263893892661989,Transfer recommended
2024-12-14,BB006,O+,Platelets,7,19.22612405465807,13,13,20.0,0.0,Resolved,BB007,13,0.9268901768158715,0.351028558694851,Transfer recommended
2024-12-15,BB006,O+,Platelets,17,25.16491963701526,9,9,26.0,0.0,Resolved,BB007,9,0.9426320055727195,0.7645431650476433,Transfer recommended
2024-12-16,BB006,O+,Platelets,9,22.833849802717825,14,14,23.0,0.0,Resolved,BB011,14,0.9484546036901156,0.7846462380130201,Transfer recommended
2024-12-17,BB006,O+,Platelets,7,22.116511843440104,16,16,23.0,0.0,Resolved,BB010,16,0.9478028441597627,0.8182866596583149,Transfer recommended
2024-12-18,BB006,O+,Platelets,13,22.777426883876995,10,10,23.0,0.0,Resolved,BB010,10,0.9414665418083141,0.8001819587703008,Transfer recommended
2024-12-19,BB006,O+,Platelets,16,21.925325512110263,6,6,22.0,0.0,Resolved,BB004,6,0.9434835891231679,0.7419027632839414,Transfer recommended
2024-10-26,BB006,O-,Platelets,0,1.6498860408014362,2,2,2.0,0.0,Resolved,BB005,2,0.9106972802307873,0.6416410607841528,Transfer recommended
2024-10-27,BB006,O-,Platelets,0,1.8068971399901763,2,2,2.0,0.0,Resolved,BB007,2,0.9212314920135639,0.6694173713868456,Transfer recommended
2024-10-28,BB006,O-,Platelets,0,1.637672154235852,2,2,2.0,0.0,Resolved,BB007,2,0.9273170805647492,0.6682693715767595,Transfer recommended
2024-10-29,BB006,O-,Platelets,0,1.637672154235852,2,2,2.0,0.0,Resolved,BB007,2,0.8847499768283971,0.6682693715767595,Transfer recommended
2024-10-30,BB006,O-,Platelets,0,1.6527124863794929,2,2,2.0,0.0,Resolved,BB001,2,0.8941475573743629,0.6696894756287018,Transfer recommended
2024-10-31,BB006,O-,Platelets,0,1.5729898149718615,2,2,2.0,0.0,Resolved,BB001,2,0.8728331831197627,0.6688525358371362,Transfer recommended
2024-11-02,BB006,O-,Platelets,0,1.4841223752346824,2,2,2.0,0.0,Resolved,BB005,2,0.9262895315555034,0.6192394641585145,Transfer recommended
2024-11-08,BB006,O-,Platelets,0,1.7443858241886117,2,2,2.0,0.0,Resolved,BB005,2,0.922724872854611,0.6122000799470859,Transfer recommended
2024-11-09,BB006,O-,Platelets,0,1.6944421186297904,2,2,2.0,0.0,Resolved,BB005,2,0.9212000834102517,0.6608613040590741,Transfer recommended
2024-12-05,BB006,O-,Platelets,0,1.5763222707544071,2,2,2.0,0.0,Resolved,BB009,2,0.8844212642871077,0.6275967639889737,Transfer recommended
2024-12-06,BB006,O-,Platelets,0,1.7371528188382435,2,2,2.0,0.0,Resolved,BB011,2,0.8800294321141567,0.6709666114000692,Transfer recommended
2024-12-13,BB006,O-,Platelets,1,2.456921483957143,2,2,3.0,0.0,Resolved,BB005,2,0.6684910203422435,0.5841020939063064,Transfer recommended
2024-12-14,BB006,O-,Platelets,0,2.49552787273233,3,3,3.0,0.0,Resolved,BB005,3,0.9022912339312062,0.6420269699007881,Transfer recommended
2024-12-15,BB006,O-,Platelets,1,2.474666243864993,2,2,3.0,0.0,Resolved,BB005,2,0.9261279511830528,0.6750412136958199,Transfer recommended
2024-12-16,BB006,O-,Platelets,1,2.447786030984375,2,2,3.0,0.0,Resolved,BB005,2,0.9296626783816162,0.6654076091495553,Transfer recommended
2024-12-17,BB006,O-,Platelets,1,2.292333889986416,2,2,3.0,0.0,Resolved,BB005,2,0.9275173632949254,0.6652318175079175,Transfer recommended
2024-12-18,BB006,O-,Platelets,1,2.292333889986416,2,0,1.0,1.2923338899864159,Network Uncovered,,0,0.0,0.0,External replenishment required
2024-12-19,BB006,O-,Platelets,1,2.2138375701237387,2,2,3.0,0.0,Resolved,BB004,2,0.8331416696776102,0.66251241706986,Transfer recommended
2024-12-20,BB006,O-,Platelets,1,2.2138375701237387,2,2,3.0,0.0,Resolved,BB004,2,0.9004650749611542,0.6619723262469388,Transfer recommended
2024-12-21,BB006,O-,Platelets,0,2.2696337270229567,3,3,3.0,0.0,Resolved,BB004,3,0.9361088110427472,0.6554754428932195,Transfer recommended
2024-12-22,BB006,O-,Platelets,1,2.3585011667601363,2,0,1.0,1.3585011667601363,Network Uncovered,,0,0.0,0.0,External replenishment required
2024-12-23,BB006,O-,Platelets,1,2.4140061810300266,2,0,1.0,1.4140061810300266,Network Uncovered,,0,0.0,0.0,External replenishment required
2024-12-24,BB006,O-,Platelets,0,2.4140061810300266,3,0,0.0,2.4140061810300266,Network Uncovered,,0,0.0,0.0,External replenishment required
2024-12-25,BB006,O-,Platelets,1,2.5534229428029223,2,2,3.0,0.0,Resolved,BB003,2,0.7496333734948715,0.6789614885744666,Transfer recommended
2024-12-28,BB006,O-,Platelets,1,2.651594479436578,2,0,1.0,1.6515944794365778,Network Uncovered,,0,0.0,0.0,External replenishment required
2024-12-29,BB006,O-,Platelets,1,2.71567805703157,2,0,1.0,1.7156780570315702,Network Uncovered,,0,0.0,0.0,External replenishment required
2024-10-07,BB007,A+,Platelets,7,9.522041423572585,3,3,10.0,0.0,Resolved,BB003,3,0.9563411141035156,0.600312014306311,Transfer recommended
2024-10-08,BB007,A+,Platelets,6,9.400005096036077,4,4,10.0,0.0,Resolved,BB010,4,0.9442132209621743,0.6334092401505782,Transfer recommended
2024-10-09,BB007,A+,Platelets,6,8.947086149691486,3,3,9.0,0.0,Resolved,BB003,3,0.938436602701154,0.6301943624688394,Transfer recommended
2024-10-10,BB007,A+,Platelets,3,8.978321169288284,6,6,9.0,0.0,Resolved,BB003,6,0.9436517639803084,0.684106297871405,Transfer recommended
2024-10-11,BB007,A+,Platelets,2,8.776623445070397,7,7,9.0,0.0,Resolved,BB003,7,0.9285581914941533,0.7061675002363923,Transfer recommended
2024-10-12,BB007,A+,Platelets,0,8.613875939535044,9,9,9.0,0.0,Resolved,BB004,9,0.923763429999675,0.7071259137591124,Transfer recommended
2024-10-26,BB007,A+,Platelets,4,10.381227794878454,7,7,11.0,0.0,Resolved,BB003,7,0.7521110236194984,0.6566092158982999,Transfer recommended
2024-10-27,BB007,A+,Platelets,0,10.831617419080994,11,5,5.0,5.8316174190809935,Partially Resolved,BB010,5,0.7376934458397292,0.7071215391441201,Transfer plus external replenishment required
2024-10-28,BB007,A+,Platelets,2,11.000700767122856,10,5,7.0,4.000700767122856,Partially Resolved,BB012,5,0.8754569796639275,0.7270322360595805,Transfer plus external replenishment required
2024-10-31,BB007,A+,Platelets,2,10.738648742571582,9,1,3.0,7.738648742571582,Partially Resolved,BB001,1,0.8464834934079448,0.6354210714800004,Transfer plus external replenishment required
2024-11-01,BB007,A+,Platelets,0,10.556590091115897,11,11,11.0,0.0,Resolved,BB005,11,0.7524119285203423,0.7166170484048124,Transfer recommended
2024-11-02,BB007,A+,Platelets,0,10.2917552004683,11,7,7.0,3.2917552004683,Partially Resolved,BB001,7,0.8725361437224071,0.7220121632672885,Transfer plus external replenishment required
2024-11-03,BB007,A+,Platelets,0,10.626536835855976,11,11,11.0,0.0,Resolved,BB005,11,0.8976424004268136,0.7298558384010088,Transfer recommended
2024-11-04,BB007,A+,Platelets,0,10.516192707896383,11,11,11.0,0.0,Resolved,BB005,11,0.9257813841707113,0.7271464939381118,Transfer recommended
2024-11-05,BB007,A+,Platelets,0,10.440116911162448,11,11,11.0,0.0,Resolved,BB004,11,0.9400519177442036,0.7221603416368751,Transfer recommended
2024-11-10,BB007,A+,Platelets,8,10.091198248281643,3,3,11.0,0.0,Resolved,BB005,3,0.8435175117410961,0.31039367461239425,Transfer recommended
2024-11-11,BB007,A+,Platelets,7,10.169944451194025,4,4,11.0,0.0,Resolved,BB005,4,0.8922853634700162,0.5481579123279355,Transfer recommended
2024-11-12,BB007,A+,Platelets,6,9.740115774605886,4,4,10.0,0.0,Resolved,BB004,4,0.7902316113593392,0.5967138462017941,Transfer recommended
2024-11-16,BB007,A+,Platelets,8,9.470407580746132,2,2,10.0,0.0,Resolved,BB005,2,0.9300138956024467,0.5349234656191157,Transfer recommended
2024-11-21,BB007,A+,Platelets,6,9.948614034319917,4,4,10.0,0.0,Resolved,BB004,4,0.8828617739157776,0.5711264083716191,Transfer recommended
2024-11-22,BB007,A+,Platelets,5,9.521033699339348,5,5,10.0,0.0,Resolved,BB005,5,0.9180077372194927,0.67528204198804,Transfer recommended
2024-12-07,BB007,A+,Platelets,5,9.058514524531287,5,5,10.0,0.0,Resolved,BB003,5,0.9465723347582919,0.6406458740692448,Transfer recommended
2024-12-08,BB007,A+,Platelets,8,10.2769722670979,3,3,11.0,0.0,Resolved,BB001,3,0.9006939241123075,0.6553240696342867,Transfer recommended
2024-10-02,BB007,A-,Platelets,0,1.0953666075804747,2,2,2.0,0.0,Resolved,BB006,2,0.812644926308219,0.2756392514119833,Transfer recommended
2024-10-03,BB007,A-,Platelets,0,1.110120950427497,2,2,2.0,0.0,Resolved,BB006,2,0.9341563234836273,0.6516014589627781,Transfer recommended
2024-10-04,BB007,A-,Platelets,0,1.1665466339990938,2,0,0.0,1.1665466339990938,Network Uncovered,,0,0.0,0.0,External replenishment required
2024-10-05,BB007,A-,Platelets,0,1.0944408679637532,2,0,0.0,1.0944408679637532,Network Uncovered,,0,0.0,0.0,External replenishment required
2024-10-08,BB007,A-,Platelets,0,1.1251624354205831,2,2,2.0,0.0,Resolved,BB004,2,0.8712001526024672,0.42266234018115745,Transfer recommended
2024-10-09,BB007,A-,Platelets,0,1.0953666075804747,2,2,2.0,0.0,Resolved,BB003,2,0.9286605325204025,0.6508070660828619,Transfer recommended
2024-10-18,BB007,AB+,Platelets,1,2.8534992384108935,2,2,3.0,0.0,Resolved,BB001,2,0.9371800411370624,0.2807313615443807,Transfer recommended
2024-10-19,BB007,AB+,Platelets,1,2.7325948370034308,2,2,3.0,0.0,Resolved,BB001,2,0.9007384782991206,0.65638325415097,Transfer recommended
2024-11-21,BB007,AB+,Platelets,0,2.4896848149761395,3,3,3.0,0.0,Resolved,BB005,3,0.9176370024606572,0.6069425497729982,Transfer recommended
2024-11-22,BB007,AB+,Platelets,1,2.81922341699904,2,2,3.0,0.0,Resolved,BB005,2,0.9291346074627764,0.6815965542362128,Transfer recommended
2024-11-23,BB007,AB+,Platelets,0,2.5421001002391517,3,3,3.0,0.0,Resolved,BB005,3,0.9212897425465407,0.6684961386244677,Transfer recommended
2024-11-30,BB007,AB-,PRBC,0,1.0001808058016113,2,2,2.0,0.0,Resolved,BB006,2,0.6833618757234237,0.6493881550088625,Transfer recommended
2024-12-01,BB007,AB-,PRBC,0,1.0616666951869627,2,2,2.0,0.0,Resolved,BB005,2,0.6993496156926444,0.6549264245339447,Transfer recommended
2024-12-18,BB007,AB-,PRBC,0,1.024538023762271,2,0,0.0,1.024538023762271,Network Uncovered,,0,0.0,0.0,External replenishment required
2024-12-19,BB007,AB-,PRBC,0,1.117638799611126,2,0,0.0,1.117638799611126,Network Uncovered,,0,0.0,0.0,External replenishment required
2024-12-27,BB007,AB-,PRBC,0,1.0012197616127996,2,2,2.0,0.0,Resolved,BB002,2,0.6585313729440347,0.4703299546540718,Transfer recommended
2024-10-01,BB007,B+,Platelets,0,11.075054367860421,12,12,12.0,0.0,Resolved,BB009,12,0.9458832384408931,0.7326859177735368,Transfer recommended
2024-10-02,BB007,B+,Platelets,0,12.092352452379231,13,13,13.0,0.0,Resolved,BB001,13,0.9362195216560731,0.7433475945635744,Transfer recommended
2024-10-03,BB007,B+,Platelets,0,11.795450049372224,12,12,12.0,0.0,Resolved,BB010,12,0.94296665415838,0.7421599819000895,Transfer recommended
2024-10-04,BB007,B+,Platelets,0,11.796612452403519,12,12,12.0,0.0,Resolved,BB001,12,0.9312888794867615,0.7407216873986191,Transfer recommended
2024-10-07,BB007,B+,Platelets,10,11.994292781045306,2,2,12.0,0.0,Resolved,BB001,2,0.9307830088804364,0.6125562604460528,Transfer recommended
2024-10-10,BB007,B+,Platelets,7,11.63657339364453,5,5,12.0,0.0,Resolved,BB008,5,0.9267367107646476,0.612252652465591,Transfer recommended
2024-10-14,BB007,B+,Platelets,9,12.6962549665593,4,4,13.0,0.0,Resolved,BB010,4,0.9445243385565266,0.5880601903494025,Transfer recommended
2024-10-15,BB007,B+,Platelets,5,13.193524266929597,9,9,14.0,0.0,Resolved,BB011,9,0.9358625875462029,0.712154780260585,Transfer recommended
2024-10-16,BB007,B+,Platelets,3,12.047045571891143,10,10,13.0,0.0,Resolved,BB003,10,0.9329923787731074,0.7204834906284163,Transfer recommended
2024-10-20,BB007,B+,Platelets,9,10.886704414761992,2,2,11.0,0.0,Resolved,BB006,2,0.9347532422747923,0.5521779773117638,Transfer recommended
2024-11-06,BB007,B+,Platelets,6,10.786085031752913,5,5,11.0,0.0,Resolved,BB004,5,0.9145790604678169,0.5916994167038911,Transfer recommended
2024-11-07,BB007,B+,Platelets,7,10.621596281841127,4,4,11.0,0.0,Resolved,BB008,4,0.8689095833761432,0.6300214031300648,Transfer recommended
2024-11-08,BB007,B+,Platelets,7,10.460705524921854,4,4,11.0,0.0,Resolved,BB011,4,0.8444937577078909,0.6056646401778357,Transfer recommended
2024-11-13,BB007,B+,Platelets,6,8.665383641341633,3,3,9.0,0.0,Resolved,BB006,3,0.940825881228182,0.3131071197918486,Transfer recommended
2024-11-15,BB007,B+,Platelets,7,8.864979751811797,2,2,9.0,0.0,Resolved,BB006,2,0.9371937775340556,0.5167577166358153,Transfer recommended
2024-11-16,BB007,B+,Platelets,0,8.793731895756219,9,5,5.0,3.7937318957562187,Partially Resolved,BB011,5,0.9025246999656412,0.6515614509851502,Transfer plus external replenishment required
2024-11-17,BB007,B+,Platelets,0,10.117147083385163,11,11,11.0,0.0,Resolved,BB005,11,0.7222880952895916,0.7327532999722397,Transfer recommended
2024-11-18,BB007,B+,Platelets,2,10.271744307368644,9,9,11.0,0.0,Resolved,BB003,9,0.9061920286363151,0.7382755481120669,Transfer recommended
2024-11-19,BB007,B+,Platelets,9,10.495266986884454,2,2,11.0,0.0,Resolved,BB003,2,0.9407933143873202,0.6438400454263304,Transfer recommended
2024-11-20,BB007,B+,Platelets,0,10.678122846549979,11,10,10.0,0.6781228465499787,Resolved,BB003,10,0.9276848455644675,0.6647107921976401,Transfer recommended
2024-11-23,BB007,B+,Platelets,5,10.622696902929167,6,6,11.0,0.0,Resolved,BB005,6,0.9235901114559838,0.5062071861713359,Transfer recommended
2024-11-24,BB007,B+,Platelets,3,11.074015813902415,9,9,12.0,0.0,Resolved,BB005,9,0.9337957080598593,0.7056002646595381,Transfer recommended
2024-11-25,BB007,B+,Platelets,4,10.988495005921338,7,7,11.0,0.0,Resolved,BB005,7,0.9123320203238388,0.7273704429032721,Transfer recommended
2024-12-05,BB007,B-,Platelets,0,1.117638799611126,2,2,2.0,0.0,Resolved,BB005,2,0.9161989728801594,0.6023263278150861,Transfer recommended
2024-12-06,BB007,B-,Platelets,0,1.1565625337894843,2,1,1.0,0.15656253378948426,Resolved,BB005,1,0.9168496227917963,0.6480750220942944,Transfer recommended
2024-12-07,BB007,B-,Platelets,0,1.1798127653296087,2,2,2.0,0.0,Resolved,BB005,2,0.878610768799291,0.647175657420638,Transfer recommended
2024-12-08,BB007,B-,Platelets,0,1.2388843772266789,2,0,0.0,1.2388843772266789,Network Uncovered,,0,0.0,0.0,External replenishment required
2024-12-09,BB007,B-,Platelets,0,1.1999606430483207,2,0,0.0,1.1999606430483207,Network Uncovered,,0,0.0,0.0,External replenishment required
2024-12-10,BB007,B-,Platelets,0,1.168733078338719,2,0,0.0,1.168733078338719,Network Uncovered,,0,0.0,0.0,External replenishment required
2024-12-11,BB007,B-,Platelets,0,1.168733078338719,2,0,0.0,1.168733078338719,Network Uncovered,,0,0.0,0.0,External replenishment required
2024-12-13,BB007,B-,Platelets,0,1.1439885386241573,2,0,0.0,1.1439885386241573,Network Uncovered,,0,0.0,0.0,External replenishment required
2024-12-14,BB007,B-,Platelets,0,1.1959464269407858,2,0,0.0,1.1959464269407858,Network Uncovered,,0,0.0,0.0,External replenishment required
2024-12-15,BB007,B-,Platelets,0,1.2160943046594979,2,0,0.0,1.2160943046594979,Network Uncovered,,0,0.0,0.0,External replenishment required
2024-12-16,BB007,B-,Platelets,0,1.2160943046594979,2,0,0.0,1.2160943046594979,Network Uncovered,,0,0.0,0.0,External replenishment required
2024-10-26,BB007,O+,Platelets,15,16.76732699306805,2,2,17.0,0.0,Resolved,BB006,2,0.8911082220356737,0.5730058215962973,Transfer recommended
2024-11-29,BB007,O+,Platelets,9,12.704206691862414,4,4,13.0,0.0,Resolved,BB002,4,0.9426948079692862,0.5833722135789511,Transfer recommended
2024-11-30,BB007,O+,Platelets,11,15.80310587701571,5,5,16.0,0.0,Resolved,BB002,5,0.9397594413719264,0.6702945602362278,Transfer recommended
2024-12-05,BB007,O+,Platelets,13,16.91370356147314,4,4,17.0,0.0,Resolved,BB011,4,0.9083923051596824,0.4988786160703337,Transfer recommended
2024-11-05,BB007,O-,Platelets,0,1.0858002759720438,2,2,2.0,0.0,Resolved,BB005,2,0.9291132362859115,0.3899742169859086,Transfer recommended
2024-11-06,BB007,O-,Platelets,0,1.1826505817219461,2,2,2.0,0.0,Resolved,BB005,2,0.928966848775417,0.6459214130412319,Transfer recommended
2024-11-07,BB007,O-,Platelets,0,1.2903264156354077,2,2,2.0,0.0,Resolved,BB005,2,0.9239918935275352,0.647692882424207,Transfer recommended
2024-11-08,BB007,O-,Platelets,0,1.2903264156354077,2,2,2.0,0.0,Resolved,BB005,2,0.922724872854611,0.6510008029070578,Transfer recommended
2024-11-09,BB007,O-,Platelets,0,1.342533989385623,2,2,2.0,0.0,Resolved,BB005,2,0.9212000834102517,0.6513094912047717,Transfer recommended
2024-11-10,BB007,O-,Platelets,0,1.2535662504364806,2,2,2.0,0.0,Resolved,BB005,2,0.9161427091178734,0.6546749449969294,Transfer recommended
2024-12-02,BB007,O-,Platelets,0,1.7543097110014383,2,2,2.0,0.0,Resolved,BB009,2,0.9244261602849232,0.36451652062625584,Transfer recommended
2024-12-04,BB007,O-,Platelets,0,1.6389083507522355,2,2,2.0,0.0,Resolved,BB009,2,0.8373869361425909,0.5523601551370039,Transfer recommended
2024-12-05,BB007,O-,Platelets,0,1.811777738271555,2,2,2.0,0.0,Resolved,BB009,2,0.8844212642871077,0.6716715012745391,Transfer recommended
2024-12-06,BB007,O-,Platelets,0,1.9676262652424468,2,2,2.0,0.0,Resolved,BB011,2,0.8800294321141567,0.6742411458041746,Transfer recommended
2024-12-08,BB007,O-,Platelets,0,1.925705720218188,2,2,2.0,0.0,Resolved,BB011,2,0.9166759782621234,0.6522212977721733,Transfer recommended
2024-12-15,BB007,O-,Platelets,0,1.5988575700034793,2,2,2.0,0.0,Resolved,BB005,2,0.9261279511830528,0.42302446626027246,Transfer recommended
2024-12-16,BB007,O-,Platelets,0,1.6766433542860537,2,2,2.0,0.0,Resolved,BB005,2,0.9296626783816162,0.6659264562781286,Transfer recommended
2024-12-18,BB007,O-,Platelets,0,1.651898814571492,2,0,0.0,1.651898814571492,Network Uncovered,,0,0.0,0.0,External replenishment required
2024-12-19,BB007,O-,Platelets,0,1.8699490147038131,2,2,2.0,0.0,Resolved,BB004,2,0.8331416696776102,0.6693700769939627,Transfer recommended
2024-12-20,BB007,O-,Platelets,0,1.770253579220229,2,2,2.0,0.0,Resolved,BB004,2,0.9004650749611542,0.6706286747494721,Transfer recommended
2024-10-09,BB008,A+,Platelets,5,7.090600740662647,3,3,8.0,0.0,Resolved,BB003,3,0.938436602701154,0.5450258280787443,Transfer recommended
2024-10-10,BB008,A+,Platelets,4,7.1513079268468305,4,4,8.0,0.0,Resolved,BB003,4,0.9436517639803084,0.6135666918351834,Transfer recommended
2024-10-11,BB008,A+,Platelets,3,7.113827578473976,5,5,8.0,0.0,Resolved,BB003,5,0.9285581914941533,0.6589079301998804,Transfer recommended
2024-11-30,BB008,A+,Platelets,1,4.35587554835672,4,4,5.0,0.0,Resolved,BB001,4,0.9487466883909962,0.6399828960221248,Transfer recommended
2024-12-01,BB008,A+,Platelets,0,4.376023426075432,5,5,5.0,0.0,Resolved,BB001,5,0.8781772161669309,0.6852357632647765,Transfer recommended
2024-12-02,BB008,A+,Platelets,2,4.848048167829879,3,3,5.0,0.0,Resolved,BB001,3,0.8653117923014289,0.6905950506606111,Transfer recommended
2024-12-03,BB008,A+,Platelets,4,5.104101241961175,2,2,6.0,0.0,Resolved,BB003,2,0.8685344203174336,0.5961100047516974,Transfer recommended
2024-12-04,BB008,A+,Platelets,0,4.9971840026738334,5,3,3.0,1.9971840026738334,Partially Resolved,BB001,3,0.9000371621692413,0.6372068255329821,Transfer plus external replenishment required
2024-12-05,BB008,A+,Platelets,0,5.905271282342439,6,6,6.0,0.0,Resolved,BB001,6,0.858188761516065,0.6934652266608106,Transfer recommended
2024-12-06,BB008,A+,Platelets,2,5.633670725965286,4,4,6.0,0.0,Resolved,BB003,4,0.9154335247207064,0.6938995128474453,Transfer recommended
2024-12-07,BB008,A+,Platelets,0,5.75019812357323,6,6,6.0,0.0,Resolved,BB003,6,0.9465723347582919,0.6799044647651032,Transfer recommended
2024-12-08,BB008,A+,Platelets,0,7.056736232063356,8,8,8.0,0.0,Resolved,BB003,8,0.950794337351897,0.7027085608688786,Transfer recommended
2024-12-09,BB008,A+,Platelets,0,6.614029591789231,7,7,7.0,0.0,Resolved,BB001,7,0.9423531134957525,0.708323356888803,Transfer recommended
2024-12-10,BB008,A+,Platelets,0,6.652803990235488,7,7,7.0,0.0,Resolved,BB001,7,0.9506113271678018,0.7115374727268631,Transfer recommended
2024-12-11,BB008,A+,Platelets,5,6.9943709172665995,2,2,7.0,0.0,Resolved,BB003,2,0.944919068643653,0.6414194306433654,Transfer recommended
2024-12-12,BB008,A+,Platelets,1,6.72988034948415,6,6,7.0,0.0,Resolved,BB003,6,0.9335864942141007,0.6240053698016295,Transfer recommended
2024-12-13,BB008,A+,Platelets,0,7.021251130147217,8,8,8.0,0.0,Resolved,BB010,8,0.9406650342504909,0.6956228143129433,Transfer recommended
2024-12-14,BB008,A+,Platelets,2,6.858503624611863,5,5,7.0,0.0,Resolved,BB010,5,0.9474654510400778,0.7017580414769697,Transfer recommended
2024-12-15,BB008,A+,Platelets,4,7.1355832567281245,4,2,6.0,1.1355832567281245,Partially Resolved,BB010,2,0.9474942081134305,0.6660498336329562,Transfer plus external replenishment required
2024-10-15,BB008,AB+,Platelets,0,1.6451974285520676,2,2,2.0,0.0,Resolved,BB007,2,0.9261994370391993,0.6324904740579448,Transfer recommended
2024-10-16,BB008,AB+,Platelets,0,1.6451974285520676,2,2,2.0,0.0,Resolved,BB007,2,0.9346303770785926,0.6690055162814763,Transfer recommended
2024-10-17,BB008,AB+,Platelets,0,1.3818589851323315,2,2,2.0,0.0,Resolved,BB007,2,0.9445000328716537,0.6651527080474184,Transfer recommended
2024-10-18,BB008,AB+,Platelets,0,1.3571144454177697,2,2,2.0,0.0,Resolved,BB001,2,0.9371800411370624,0.6635408228354795,Transfer recommended
2024-10-19,BB008,AB+,Platelets,0,1.3932904907608064,2,2,2.0,0.0,Resolved,BB001,2,0.9007384782991206,0.6623464874027718,Transfer recommended
2024-10-20,BB008,AB+,Platelets,0,1.4134383684795184,2,2,2.0,0.0,Resolved,BB001,2,0.9323248215930869,0.6633936470989054,Transfer recommended
2024-10-21,BB008,AB+,Platelets,0,1.472515805666972,2,2,2.0,0.0,Resolved,BB002,2,0.9414289490107492,0.6608516315612547,Transfer recommended
2024-10-24,BB008,AB+,Platelets,0,1.455339800357275,2,2,2.0,0.0,Resolved,BB001,2,0.9158337895540596,0.5998723389605725,Transfer recommended
2024-10-25,BB008,AB+,Platelets,0,1.455339800357275,2,2,2.0,0.0,Resolved,BB007,2,0.902853378657689,0.6573564273480333,Transfer recommended
2024-10-26,BB008,AB+,Platelets,0,1.435191922638563,2,2,2.0,0.0,Resolved,BB007,2,0.9113410013196191,0.6596574766932053,Transfer recommended
2024-10-27,BB008,AB+,Platelets,0,1.4305952606427133,2,2,2.0,0.0,Resolved,BB007,2,0.9412689569765024,0.6566362147402156,Transfer recommended
2024-10-31,BB008,AB+,Platelets,0,1.6337457171458853,2,2,2.0,0.0,Resolved,BB005,2,0.938752667928105,0.6108222656890218,Transfer recommended
2024-11-01,BB008,AB+,Platelets,0,1.6337457171458853,2,2,2.0,0.0,Resolved,BB001,2,0.8979011639216286,0.6669099291410402,Transfer recommended
2024-11-02,BB008,AB+,Platelets,0,1.6135978394271733,2,2,2.0,0.0,Resolved,BB009,2,0.9306057968048812,0.6631426547132588,Transfer recommended
2024-11-03,BB008,AB+,Platelets,0,1.6337457171458853,2,2,2.0,0.0,Resolved,BB012,2,0.9347420811446222,0.6590077948663378,Transfer recommended
2024-11-04,BB008,AB+,Platelets,0,1.4311221432195345,2,2,2.0,0.0,Resolved,BB001,2,0.9184634205455803,0.6500203933939879,Transfer recommended
2024-11-05,BB008,AB+,Platelets,0,1.347300166317519,2,2,2.0,0.0,Resolved,BB006,2,0.9191584583161604,0.6500203933939879,Transfer recommended
2024-11-06,BB008,AB+,Platelets,0,1.2909762432557703,2,2,2.0,0.0,Resolved,BB001,2,0.8929980744220823,0.6524714647727425,Transfer recommended
2024-11-07,BB008,AB+,Platelets,0,1.1807792515035764,2,2,2.0,0.0,Resolved,BB005,2,0.9105702232889322,0.6259732490701027,Transfer recommended
2024-11-08,BB008,AB+,Platelets,0,1.048358877875553,2,2,2.0,0.0,Resolved,BB007,2,0.9402816895568181,0.6443708560929127,Transfer recommended
2024-11-09,BB008,AB+,Platelets,0,1.2708283655370582,2,2,2.0,0.0,Resolved,BB005,2,0.9388313128423624,0.6562306825399944,Transfer recommended
2024-11-10,BB008,AB+,Platelets,0,1.347300166317519,2,2,2.0,0.0,Resolved,BB005,2,0.9364241867609204,0.6641826545625376,Transfer recommended
2024-11-12,BB008,AB+,Platelets,0,1.2531347029725037,2,2,2.0,0.0,Resolved,BB007,2,0.9372614119294725,0.6236333790753502,Transfer recommended
2024-11-15,BB008,AB+,Platelets,0,1.6592847491158778,2,1,1.0,0.6592847491158778,Resolved,BB007,1,0.9341330202617444,0.5556656614757172,Transfer recommended
2024-12-02,BB008,AB+,Platelets,1,2.104788549307262,2,2,3.0,0.0,Resolved,BB003,2,0.9355397167897354,0.5674186998288159,Transfer recommended
2024-12-08,BB008,AB+,Platelets,0,2.018055960128147,3,2,2.0,0.01805596012814714,Resolved,BB004,2,0.9122640234114459,0.5550698110442429,Transfer recommended
2024-12-09,BB008,AB+,Platelets,0,2.2550304303579076,3,3,3.0,0.0,Resolved,BB009,3,0.9421115476911971,0.6763445931882694,Transfer recommended
2024-12-26,BB008,AB+,Platelets,0,2.38141131595938,3,1,1.0,1.38141131595938,Partially Resolved,BB003,1,0.8884800694699171,0.6306028074135989,Transfer plus external replenishment required
2024-12-27,BB008,AB+,Platelets,1,2.329332179097665,2,2,3.0,0.0,Resolved,BB010,2,0.8568593987384475,0.6692903177176216,Transfer recommended
2024-12-28,BB008,AB+,Platelets,0,2.3091843013789526,3,1,1.0,1.3091843013789526,Partially Resolved,BB003,1,0.8665134147103255,0.6651389920296675,Transfer plus external replenishment required
2024-12-29,BB008,AB+,Platelets,0,2.17191702509948,3,3,3.0,0.0,Resolved,BB010,3,0.9196275112746637,0.6577604035991258,Transfer recommended
2024-11-14,BB008,B+,Platelets,2,5.673571977972828,4,4,6.0,0.0,Resolved,BB006,4,0.8348417540434453,0.6091644452789775,Transfer recommended
2024-11-15,BB008,B+,Platelets,2,4.720939869068868,3,3,5.0,0.0,Resolved,BB006,3,0.9371937775340556,0.6779175945275586,Transfer recommended
2024-11-16,BB008,B+,Platelets,0,4.664031826151229,5,5,5.0,0.0,Resolved,BB006,5,0.9400047795784879,0.6766185639635611,Transfer recommended
2024-11-17,BB008,B+,Platelets,0,5.307971739709701,6,3,3.0,2.307971739709701,Partially Resolved,BB005,3,0.7222880952895916,0.6928877808814395,Transfer plus external replenishment required
2024-11-18,BB008,B+,Platelets,0,4.4441929929703115,5,5,5.0,0.0,Resolved,BB003,5,0.9061920286363151,0.6888534436311446,Transfer recommended
2024-11-19,BB008,B+,Platelets,3,4.4441929929703115,2,2,5.0,0.0,Resolved,BB003,2,0.9407933143873202,0.6376297934175637,Transfer recommended
2024-11-20,BB008,B+,Platelets,3,4.428645510724453,2,2,5.0,0.0,Resolved,BB006,2,0.8470922541796848,0.6120414250145453,Transfer recommended
2024-11-23,BB008,B+,Platelets,0,4.408497633005742,5,5,5.0,0.0,Resolved,BB005,5,0.9235901114559838,0.533716251803784,Transfer recommended
2024-11-24,BB008,B+,Platelets,1,5.68807513476507,5,5,6.0,0.0,Resolved,BB005,5,0.9337957080598593,0.6897603733555655,Transfer recommended
2024-11-25,BB008,B+,Platelets,2,5.68807513476507,4,4,6.0,0.0,Resolved,BB005,4,0.9123320203238388,0.6820262961896819,Transfer recommended
2024-11-26,BB008,B+,Platelets,4,5.542970701859812,2,2,6.0,0.0,Resolved,BB005,2,0.9331348214368804,0.6027610511395018,Transfer recommended
2024-11-27,BB008,B+,Platelets,3,4.892984172858629,2,2,5.0,0.0,Resolved,BB005,2,0.9390831816793509,0.5953235099017775,Transfer recommended
2024-11-28,BB008,B+,Platelets,3,5.548477331595138,3,3,6.0,0.0,Resolved,BB003,3,0.9341013787530805,0.633557992341634,Transfer recommended
2024-11-29,BB008,B+,Platelets,3,5.548477331595138,3,3,6.0,0.0,Resolved,BB005,3,0.9269815127001308,0.6371927942467627,Transfer recommended
2024-11-30,BB008,B+,Platelets,1,5.760650729816628,5,5,6.0,0.0,Resolved,BB011,5,0.9282964891391008,0.654525873248748,Transfer recommended
2024-12-01,BB008,B+,Platelets,3,5.716212758379083,3,2,5.0,0.7162127583790827,Resolved,BB011,2,0.9288437010020356,0.6720381982563124,Transfer recommended
2024-12-02,BB008,B+,Platelets,3,5.716212758379083,3,3,6.0,0.0,Resolved,BB012,3,0.9016018927425731,0.6399113045065374,Transfer recommended
2024-12-19,BB008,B+,Platelets,0,6.108798020512192,7,1,1.0,5.108798020512192,Partially Resolved,BB009,1,0.9184231392806981,0.47231246069424954,Transfer plus external replenishment required
2024-12-20,BB008,B+,Platelets,2,7.288014618162622,6,6,8.0,0.0,Resolved,BB003,6,0.9245968642416018,0.7031507491903219,Transfer recommended
2024-12-21,BB008,B+,Platelets,0,6.873432490532691,7,7,7.0,0.0,Resolved,BB003,7,0.9309108454461315,0.6897517283501651,Transfer recommended
2024-12-22,BB008,B+,Platelets,5,6.3262384368230205,2,2,7.0,0.0,Resolved,BB007,2,0.9497985145202774,0.6207245939524436,Transfer recommended
2024-10-28,BB008,O+,Platelets,9,10.032131005710118,2,2,11.0,0.0,Resolved,BB006,2,0.9353273119073158,0.31155873584736643,Transfer recommended
2024-10-29,BB008,O+,Platelets,0,10.797449128280887,11,11,11.0,0.0,Resolved,BB006,11,0.9445460210100445,0.6362431039240127,Transfer recommended
2024-10-30,BB008,O+,Platelets,0,10.6953692408333,11,1,1.0,9.6953692408333,Partially Resolved,BB006,1,0.9555469857727,0.7281112189267582,Transfer plus external replenishment required
2024-10-31,BB008,O+,Platelets,0,10.82313744944294,11,8,8.0,2.8231374494429406,Partially Resolved,BB002,8,0.8641234945381656,0.7220429022649744,Transfer plus external replenishment required
2024-11-01,BB008,O+,Platelets,0,10.824299852474235,11,11,11.0,0.0,Resolved,BB011,11,0.9211216265922333,0.7194070138652389,Transfer recommended
2024-11-02,BB008,O+,Platelets,7,10.60841035285945,4,4,11.0,0.0,Resolved,BB011,4,0.9518398796957942,0.6670937245953872,Transfer recommended
2024-11-03,BB008,O+,Platelets,9,10.632813123476998,2,2,11.0,0.0,Resolved,BB011,2,0.9582224008413446,0.5477894248977028,Transfer recommended
2024-11-25,BB008,O+,Platelets,7,9.126714762783209,3,3,10.0,0.0,Resolved,BB002,3,0.9437476647328914,0.537298782054399,Transfer recommended
2024-12-26,BB008,O+,Platelets,2,12.10113531648731,11,11,13.0,0.0,Resolved,BB006,11,0.9214705592541031,0.6441120545994719,Transfer recommended
2024-12-27,BB008,O+,Platelets,6,11.425380243889613,6,6,12.0,0.0,Resolved,BB006,6,0.9342467650948116,0.7102620910843728,Transfer recommended
2024-10-13,BB009,A+,Platelets,7,10.044251088421843,4,4,11.0,0.0,Resolved,BB004,4,0.9288318411939928,0.6180359337697293,Transfer recommended
2024-10-14,BB009,A+,Platelets,3,9.893510382346406,7,7,10.0,0.0,Resolved,BB003,7,0.9192274415568409,0.7048161287328394,Transfer recommended
2024-10-15,BB009,A+,Platelets,0,10.27359593079734,11,11,11.0,0.0,Resolved,BB005,11,0.9211939038664666,0.7275488120811511,Transfer recommended
2024-10-16,BB009,A+,Platelets,0,10.238680396088293,11,11,11.0,0.0,Resolved,BB005,11,0.9218544237416036,0.7379137253509074,Transfer recommended
2024-10-17,BB009,A+,Platelets,0,10.084083172104812,11,11,11.0,0.0,Resolved,BB002,11,0.9401424247580134,0.7359634702450082,Transfer recommended
2024-10-18,BB009,A+,Platelets,3,10.465650952007385,8,8,11.0,0.0,Resolved,BB002,8,0.9279576943969648,0.720715924302479,Transfer recommended
2024-10-19,BB009,A+,Platelets,3,9.421593948631521,7,7,10.0,0.0,Resolved,BB002,7,0.9045987042864797,0.7081453294329008,Transfer recommended
2024-10-21,BB009,A+,Platelets,6,9.763853049131653,4,4,10.0,0.0,Resolved,BB002,4,0.9221597720284117,0.6126192489030746,Transfer recommended
2024-10-22,BB009,A+,Platelets,6,10.23809743058167,5,5,11.0,0.0,Resolved,BB007,5,0.9368887065714642,0.6773513219636513,Transfer recommended
2024-10-23,BB009,A+,Platelets,6,10.487852405769045,5,5,11.0,0.0,Resolved,BB001,5,0.9007477001454149,0.6789002079075114,Transfer recommended
2024-10-24,BB009,A+,Platelets,1,10.686255747680427,10,5,6.0,4.686255747680427,Partially Resolved,BB007,5,0.9370305437652822,0.7069909828260594,Transfer plus external replenishment required
2024-10-25,BB009,A+,Platelets,2,10.38483727005559,9,9,11.0,0.0,Resolved,BB001,9,0.9444986974116489,0.7254510060941257,Transfer recommended
2024-10-26,BB009,A+,Platelets,0,10.355732932933186,11,7,7.0,3.3557329329331864,Partially Resolved,BB001,7,0.9345145535103585,0.7169297514034845,Transfer plus external replenishment required
2024-10-27,BB009,A+,Platelets,0,10.591051182393562,11,7,7.0,3.591051182393562,Partially Resolved,BB012,7,0.8821260878741365,0.7284808887904943,Transfer plus external replenishment required
2024-10-28,BB009,A+,Platelets,0,10.623922193442603,11,10,10.0,0.6239221934426027,Resolved,BB001,10,0.823693283369191,0.7270031519098759,Transfer recommended
2024-10-29,BB009,A+,Platelets,0,10.41204543672221,11,11,11.0,0.0,Resolved,BB001,11,0.8699873659983541,0.7233176985104424,Transfer recommended
2024-10-30,BB009,A+,Platelets,0,10.62256065068743,11,7,7.0,3.6225606506874293,Partially Resolved,BB012,7,0.8514835299177053,0.7284055467554753,Transfer plus external replenishment required
2024-10-31,BB009,A+,Platelets,0,10.498917242518745,11,8,8.0,2.498917242518745,Partially Resolved,BB012,8,0.8509008012796362,0.7276208085427209,Transfer plus external replenishment required
2024-11-01,BB009,A+,Platelets,2,10.573682124177509,9,6,8.0,2.573682124177509,Partially Resolved,BB012,6,0.8497183613709033,0.7257241470443261,Transfer plus external replenishment required
2024-11-02,BB009,A+,Platelets,1,9.774288336982007,9,5,6.0,3.774288336982007,Partially Resolved,BB012,5,0.8610624801575637,0.7010106349823901,Transfer plus external replenishment required
2024-11-03,BB009,A+,Platelets,6,10.007904633637873,5,5,11.0,0.0,Resolved,BB012,5,0.8326900418021513,0.6766615071062269,Transfer recommended
2024-11-04,BB009,A+,Platelets,3,10.269663190387247,8,8,11.0,0.0,Resolved,BB005,8,0.9257813841707113,0.6827826104346064,Transfer recommended
2024-11-05,BB009,A+,Platelets,0,10.400120228897196,11,11,11.0,0.0,Resolved,BB005,11,0.9037452111324863,0.7082661583137997,Transfer recommended
2024-11-06,BB009,A+,Platelets,1,10.180091932457527,10,10,11.0,0.0,Resolved,BB004,10,0.9172006028262821,0.7228876623254326,Transfer recommended
2024-11-07,BB009,A+,Platelets,3,10.355021909573377,8,1,4.0,6.355021909573377,Partially Resolved,BB004,1,0.9075134901653233,0.7165727652318292,Transfer plus external replenishment required
2024-11-08,BB009,A+,Platelets,3,10.494458590697596,8,7,10.0,0.49445859069759557,Resolved,BB011,7,0.932393163252624,0.710052302821055,Transfer recommended
2024-11-09,BB009,A+,Platelets,0,10.339439371259598,11,8,8.0,2.3394393712595978,Partially Resolved,BB011,8,0.9485225359850034,0.7070476921116664,Transfer plus external replenishment required
2024-11-10,BB009,A+,Platelets,0,10.537649395944936,11,11,11.0,0.0,Resolved,BB005,11,0.8435175117410961,0.7241615003792237,Transfer recommended
2024-11-11,BB009,A+,Platelets,4,10.260445785829054,7,6,10.0,0.2604457858290541,Resolved,BB011,6,0.9075735545706695,0.7198125732260281,Transfer recommended
2024-11-12,BB009,A+,Platelets,0,10.232117436358516,11,11,11.0,0.0,Resolved,BB005,11,0.930196263024044,0.7089911044516719,Transfer recommended
2024-11-13,BB009,A+,Platelets,0,10.135333288259485,11,11,11.0,0.0,Resolved,BB005,11,0.9415314643716596,0.721618360964712,Transfer recommended
2024-11-14,BB009,A+,Platelets,0,10.026612399125385,11,11,11.0,0.0,Resolved,BB005,11,0.9419900217043768,0.7184720407305873,Transfer recommended
2024-11-15,BB009,A+,Platelets,0,9.735771547901855,10,10,10.0,0.0,Resolved,BB005,10,0.9196076113518875,0.713812321620861,Transfer recommended
2024-11-16,BB009,A+,Platelets,6,9.242510111306837,4,4,10.0,0.0,Resolved,BB005,4,0.9300138956024467,0.678171735699213,Transfer recommended
2024-12-04,BB009,A+,Platelets,5,7.95806848581339,3,3,8.0,0.0,Resolved,BB003,3,0.8895100621539372,0.4871699021124191,Transfer recommended
2024-12-05,BB009,A+,Platelets,4,8.011255905915037,5,5,9.0,0.0,Resolved,BB001,5,0.858188761516065,0.6824691234726564,Transfer recommended
2024-12-06,BB009,A+,Platelets,0,7.67780092621075,8,8,8.0,0.0,Resolved,BB003,8,0.9154335247207064,0.6966932378607276,Transfer recommended
2024-12-07,BB009,A+,Platelets,0,8.050257936912615,9,9,9.0,0.0,Resolved,BB003,9,0.9465723347582919,0.7127868219516542,Transfer recommended
2024-12-08,BB009,A+,Platelets,0,8.259681059283087,9,9,9.0,0.0,Resolved,BB003,9,0.950794337351897,0.7192243709339441,Transfer recommended
2024-12-09,BB009,A+,Platelets,4,8.323312891948598,5,5,9.0,0.0,Resolved,BB001,5,0.9423531134957525,0.7168422402446866,Transfer recommended
2024-12-10,BB009,A+,Platelets,0,8.135043611919743,9,7,7.0,1.135043611919743,Partially Resolved,BB001,7,0.9506113271678018,0.7040921748160747,Transfer plus external replenishment required
2024-10-15,BB009,A-,Platelets,0,1.0252153086925149,2,0,0.0,1.0252153086925149,Network Uncovered,,0,0.0,0.0,External replenishment required
2024-10-16,BB009,A-,Platelets,0,1.0973210747278554,2,0,0.0,1.0973210747278554,Network Uncovered,,0,0.0,0.0,External replenishment required
2024-10-17,BB009,A-,Platelets,0,1.0973210747278554,2,0,0.0,1.0973210747278554,Network Uncovered,,0,0.0,0.0,External replenishment required
2024-10-23,BB009,A-,Platelets,0,1.0725765350132936,2,0,0.0,1.0725765350132936,Network Uncovered,,0,0.0,0.0,External replenishment required
2024-10-24,BB009,A-,Platelets,0,1.2297414483558788,2,0,0.0,1.2297414483558788,Network Uncovered,,0,0.0,0.0,External replenishment required
2024-12-20,BB009,A-,Platelets,0,1.0616666951869627,2,0,0.0,1.0616666951869627,Network Uncovered,,0,0.0,0.0,External replenishment required
2024-10-01,BB009,AB+,Platelets,0,3.553818204235354,4,4,4.0,0.0,Resolved,BB003,4,0.9131362799659346,0.6818572593810914,Transfer recommended
2024-11-09,BB009,AB+,Platelets,0,2.834038332842523,3,3,3.0,0.0,Resolved,BB005,3,0.9388313128423624,0.4734098649415304,Transfer recommended
2024-11-13,BB009,AB+,Platelets,0,2.5390264506637514,3,3,3.0,0.0,Resolved,BB007,3,0.93775956204615,0.6246582370165776,Transfer recommended
2024-11-14,BB009,AB+,Platelets,0,2.562247977957864,3,3,3.0,0.0,Resolved,BB006,3,0.9237367899970749,0.6802356500437703,Transfer recommended
2024-11-15,BB009,AB+,Platelets,0,2.44369834190417,3,3,3.0,0.0,Resolved,BB007,3,0.9341330202617444,0.6784969835791647,Transfer recommended
2024-11-29,BB009,AB+,Platelets,1,3.260135970711147,3,3,4.0,0.0,Resolved,BB003,3,0.942427720692791,0.6632620109077402,Transfer recommended
2024-11-30,BB009,AB+,Platelets,0,3.289404105424012,4,4,4.0,0.0,Resolved,BB003,4,0.9474330873083615,0.6775058854934033,Transfer recommended
2024-12-14,BB009,AB+,Platelets,0,3.9373782892918436,4,4,4.0,0.0,Resolved,BB003,4,0.885369378859634,0.6540245531398559,Transfer recommended
2024-12-15,BB009,AB+,Platelets,0,4.054261291725545,5,4,4.0,0.05426129172554539,Resolved,BB003,4,0.9067669503780548,0.6859978300698817,Transfer recommended
2024-12-16,BB009,AB+,Platelets,1,3.9849215919528453,3,3,4.0,0.0,Resolved,BB007,3,0.8961879392546205,0.6854627192913968,Transfer recommended
2024-12-17,BB009,AB+,Platelets,1,4.054261291725545,4,4,5.0,0.0,Resolved,BB003,4,0.8660088914306069,0.6727316187685297,Transfer recommended
2024-12-18,BB009,AB+,Platelets,3,4.294664815484593,2,2,5.0,0.0,Resolved,BB007,2,0.9140097916951653,0.6292802945403287,Transfer recommended
2024-12-19,BB009,AB+,Platelets,0,4.10278546359886,5,5,5.0,0.0,Resolved,BB003,5,0.9179354018807474,0.661082227251651,Transfer recommended
2024-12-20,BB009,AB+,Platelets,2,3.929166645347857,2,2,4.0,0.0,Resolved,BB003,2,0.9192524289091842,0.6788932420875422,Transfer recommended
2024-12-25,BB009,AB+,Platelets,1,4.409000115702887,4,4,5.0,0.0,Resolved,BB003,4,0.8900050075220983,0.6549458779262447,Transfer recommended
2024-12-26,BB009,AB+,Platelets,0,4.218094340980216,5,1,1.0,3.2180943409802163,Partially Resolved,BB005,1,0.9218530209682003,0.673418772311294,Transfer plus external replenishment required
2024-12-27,BB009,AB+,Platelets,2,4.218094340980216,3,3,5.0,0.0,Resolved,BB005,3,0.9007530499550884,0.684438417142982,Transfer recommended
2024-12-28,BB009,AB+,Platelets,1,4.146307083811758,4,4,5.0,0.0,Resolved,BB003,4,0.8665134147103255,0.6653794181742327,Transfer recommended
2024-12-29,BB009,AB+,Platelets,0,3.929166645347857,4,4,4.0,0.0,Resolved,BB010,4,0.9196275112746637,0.6651614059524662,Transfer recommended
2024-12-30,BB009,AB+,Platelets,2,3.8598269455751555,2,2,4.0,0.0,Resolved,BB010,2,0.906583208908728,0.671951324724933,Transfer recommended
2024-10-05,BB009,B+,Platelets,4,10.8532800560607,7,7,11.0,0.0,Resolved,BB001,7,0.9358640532113586,0.5816004443159568,Transfer recommended
2024-10-06,BB009,B+,Platelets,1,11.572044491984453,11,11,12.0,0.0,Resolved,BB001,11,0.948903294882197,0.7342058417300228,Transfer recommended
2024-10-07,BB009,B+,Platelets,0,11.410382799405195,12,6,6.0,5.410382799405195,Partially Resolved,BB006,6,0.9322119727794137,0.7384441554808876,Transfer plus external replenishment required
2024-10-08,BB009,B+,Platelets,0,11.190763539976645,12,12,12.0,0.0,Resolved,BB001,12,0.9146156443279272,0.7379623830047812,Transfer recommended
2024-10-09,BB009,B+,Platelets,0,10.883998479049781,11,11,11.0,0.0,Resolved,BB001,11,0.9361738949948364,0.7404834652971044,Transfer recommended
2024-10-10,BB009,B+,Platelets,0,11.274182526952877,12,12,12.0,0.0,Resolved,BB011,12,0.9343840261998414,0.7424729997629285,Transfer recommended
2024-10-11,BB009,B+,Platelets,0,10.936713472890112,11,9,9.0,1.936713472890112,Partially Resolved,BB008,9,0.9382935050837036,0.7300867250671306,Transfer plus external replenishment required
2024-10-14,BB009,B+,Platelets,7,11.17894068135781,5,4,11.0,0.17894068135781005,Resolved,BB010,4,0.9445243385565266,0.4850812109394976,Transfer recommended
2024-11-26,BB009,B+,Platelets,8,9.145713780450382,2,2,10.0,0.0,Resolved,BB005,2,0.9331348214368804,0.5775862542436611,Transfer recommended
2024-11-27,BB009,B+,Platelets,1,9.092885856826905,9,9,10.0,0.0,Resolved,BB005,9,0.9390831816793509,0.6887385021194886,Transfer recommended
2024-10-01,BB009,B-,Platelets,0,1.079236684345755,2,2,2.0,0.0,Resolved,BB007,2,0.6678330246390438,0.5950256281633397,Transfer recommended
2024-10-03,BB009,B-,Platelets,0,1.0762576856729509,2,2,2.0,0.0,Resolved,BB007,2,0.8938159271162743,0.6538199172405141,Transfer recommended
2024-10-24,BB009,B-,Platelets,0,1.1536492252228197,2,0,0.0,1.1536492252228197,Network Uncovered,,0,0.0,0.0,External replenishment required
2024-10-25,BB009,B-,Platelets,0,1.2700552003888275,2,2,2.0,0.0,Resolved,BB004,2,0.7854421657796679,0.6533173413900151,Transfer recommended
2024-10-26,BB009,B-,Platelets,0,1.1252156562274858,2,2,2.0,0.0,Resolved,BB004,2,0.904106726269344,0.6511814041494852,Transfer recommended
2024-10-27,BB009,B-,Platelets,0,1.1453635339461978,2,2,2.0,0.0,Resolved,BB004,2,0.9062832501927497,0.6468767407419513,Transfer recommended
2024-12-06,BB009,B-,Platelets,0,1.0293987537360432,2,2,2.0,0.0,Resolved,BB005,2,0.9168496227917963,0.6497383814154474,Transfer recommended
2024-12-25,BB009,B-,Platelets,0,1.5834033364823452,2,2,2.0,0.0,Resolved,BB007,2,0.8887433045611203,0.5558769352564041,Transfer recommended
2024-12-26,BB009,B-,Platelets,0,1.5834033364823452,2,0,0.0,1.5834033364823452,Network Uncovered,,0,0.0,0.0,External replenishment required
2024-12-27,BB009,B-,Platelets,0,1.5710076975256269,2,2,2.0,0.0,Resolved,BB007,2,0.8749459255963451,0.6664913931974814,Transfer recommended
2024-12-28,BB009,B-,Platelets,0,1.6099372569943684,2,0,0.0,1.6099372569943684,Network Uncovered,,0,0.0,0.0,External replenishment required
2024-12-29,BB009,B-,Platelets,0,1.7276857312664893,2,0,0.0,1.7276857312664893,Network Uncovered,,0,0.0,0.0,External replenishment required
2024-12-30,BB009,B-,Platelets,0,1.6109762128055567,2,0,0.0,1.6109762128055567,Network Uncovered,,0,0.0,0.0,External replenishment required
2024-10-23,BB009,O+,Platelets,5,14.757572633435238,10,10,15.0,0.0,Resolved,BB002,10,0.9267105645615392,0.5491496743129001,Transfer recommended
2024-10-24,BB009,O+,Platelets,3,15.136634891498623,13,13,16.0,0.0,Resolved,BB010,13,0.9129088627761227,0.7622760864526406,Transfer recommended
2024-10-25,BB009,O+,Platelets,4,14.416250247658336,11,2,6.0,8.416250247658336,Partially Resolved,BB002,2,0.9270987410096994,0.7465610913833012,Transfer plus external replenishment required
2024-10-26,BB009,O+,Platelets,1,15.334820211005882,15,15,16.0,0.0,Resolved,BB012,15,0.9334500614829451,0.7506401991001803,Transfer recommended
2024-10-27,BB009,O+,Platelets,5,16.62878951729162,12,12,17.0,0.0,Resolved,BB006,12,0.9297732144272117,0.7617694803357429,Transfer recommended
2024-10-28,BB009,O+,Platelets,0,16.184141548651702,17,17,17.0,0.0,Resolved,BB006,17,0.9353273119073158,0.752116520754353,Transfer recommended
2024-10-29,BB009,O+,Platelets,5,18.263049552595707,14,14,19.0,0.0,Resolved,BB006,14,0.9445460210100445,0.7848658501774235,Transfer recommended
2024-10-30,BB009,O+,Platelets,12,19.407241077374366,8,8,20.0,0.0,Resolved,BB006,8,0.9555469857727,0.743211221988222,Transfer recommended
2024-10-31,BB009,O+,Platelets,2,17.994798050522075,16,15,17.0,0.9947980505220748,Resolved,BB006,15,0.936281426673061,0.7693830944594913,Transfer recommended
2024-11-02,BB009,O+,Platelets,15,17.79441996776321,3,3,18.0,0.0,Resolved,BB011,3,0.9518398796957942,0.3017325418031384,Transfer recommended
2024-11-04,BB009,O+,Platelets,15,16.751057349393285,2,2,17.0,0.0,Resolved,BB011,2,0.9476914487812241,0.5854484667254366,Transfer recommended
2024-11-07,BB009,O+,Platelets,12,16.42813478811011,5,5,17.0,0.0,Resolved,BB006,5,0.9243851736145421,0.4570578953455534,Transfer recommended
2024-11-08,BB009,O+,Platelets,2,17.66825046755929,16,16,18.0,0.0,Resolved,BB006,16,0.9316541419443111,0.7393016263705641,Transfer recommended
2024-11-09,BB009,O+,Platelets,13,16.335316626469396,4,3,16.0,0.3353166264693961,Resolved,BB006,3,0.944244504291076,0.7016674243981782,Transfer recommended
2024-11-12,BB009,O+,Platelets,13,16.898651347123945,4,4,17.0,0.0,Resolved,BB001,4,0.9498566434948971,0.5941256247078623,Transfer recommended
2024-11-13,BB009,O+,Platelets,6,16.21905829050158,11,11,17.0,0.0,Resolved,BB001,11,0.8959535077998633,0.72039792006381,Transfer recommended
2024-11-14,BB009,O+,Platelets,4,16.217398595650018,13,13,17.0,0.0,Resolved,BB001,13,0.935611605804858,0.7664955676357235,Transfer recommended
2024-11-16,BB009,O+,Platelets,8,14.946885226796498,7,2,10.0,4.946885226796498,Partially Resolved,BB001,2,0.9309658479192945,0.6306398187301616,Transfer plus external replenishment required
2024-11-17,BB009,O+,Platelets,12,15.13132073172143,4,4,16.0,0.0,Resolved,BB001,4,0.9467200740356423,0.6515892654744417,Transfer recommended
2024-11-18,BB009,O+,Platelets,4,15.408115356159307,12,1,5.0,10.408115356159307,Partially Resolved,BB001,1,0.924621716356121,0.6993183777670536,Transfer plus external replenishment required
2024-12-01,BB009,O+,Platelets,16,17.11062704164511,2,2,18.0,0.0,Resolved,BB002,2,0.939103518377453,0.5620048568954759,Transfer recommended
2024-12-02,BB009,O+,Platelets,8,17.473401547123487,10,10,18.0,0.0,Resolved,BB002,10,0.9387861341101745,0.7346659858014837,Transfer recommended
2024-12-16,BB009,O+,Platelets,19,22.012154706185108,4,4,23.0,0.0,Resolved,BB012,4,0.937978628930145,0.6438222292662659,Transfer recommended
2024-12-20,BB009,O+,Platelets,18,21.15194586269506,4,4,22.0,0.0,Resolved,BB011,4,0.9406446798153458,0.5407224696497454,Transfer recommended
2024-12-21,BB009,O+,Platelets,19,20.446489917494088,2,2,21.0,0.0,Resolved,BB008,2,0.9434286921624442,0.6488114299487915,Transfer recommended
2024-12-24,BB009,O+,Platelets,0,19.75444613243569,20,20,20.0,0.0,Resolved,BB004,20,0.9125640183131445,0.6465768293276484,Transfer recommended
2024-12-25,BB009,O+,Platelets,0,21.018534893159405,22,22,22.0,0.0,Resolved,BB010,22,0.9191126318444607,0.8273744121994082,Transfer recommended
2024-12-26,BB009,O+,Platelets,12,19.16864134343247,8,8,20.0,0.0,Resolved,BB006,8,0.9214705592541031,0.7642593360893826,Transfer recommended
2024-12-27,BB009,O+,Platelets,9,21.16744191010856,13,13,22.0,0.0,Resolved,BB006,13,0.9342467650948116,0.8221719016959825,Transfer recommended
2024-12-29,BB009,O+,Platelets,16,21.07940077034324,6,6,22.0,0.0,Resolved,BB010,6,0.8918222490041292,0.622982392732998,Transfer recommended
2024-12-30,BB009,O+,Platelets,14,20.012030529219366,7,3,17.0,3.0120305292193663,Partially Resolved,BB010,3,0.9173668031601815,0.725619983402015,Transfer plus external replenishment required
2024-12-14,BB009,O-,Platelets,1,2.062721305253177,2,2,3.0,0.0,Resolved,BB005,2,0.9022912339312062,0.5621580620386453,Transfer recommended
2024-12-16,BB009,O-,Platelets,0,1.9430971244376731,2,2,2.0,0.0,Resolved,BB005,2,0.9296626783816162,0.654342485485791,Transfer recommended
2024-12-17,BB009,O-,Platelets,0,1.9118695597280722,2,2,2.0,0.0,Resolved,BB005,2,0.9275173632949254,0.67419183553383,Transfer recommended
2024-12-21,BB009,O-,Platelets,0,1.8927606378205484,2,1,1.0,0.8927606378205484,Resolved,BB004,1,0.9361088110427472,0.5731062484900199,Transfer recommended
2024-12-22,BB009,O-,Platelets,0,2.0382467433599385,3,0,0.0,2.0382467433599385,Network Uncovered,,0,0.0,0.0,External replenishment required
2024-12-23,BB009,O-,Platelets,0,2.0070191786503373,3,0,0.0,2.0070191786503373,Network Uncovered,,0,0.0,0.0,External replenishment required
2024-12-24,BB009,O-,Platelets,0,2.0382467433599385,3,3,3.0,0.0,Resolved,BB003,3,0.5869637268915127,0.6721429880946268,Transfer recommended
2024-12-25,BB009,O-,Platelets,0,2.026128100557861,3,3,3.0,0.0,Resolved,BB003,3,0.7496333734948715,0.6717223542425192,Transfer recommended
2024-12-26,BB009,O-,Platelets,1,2.026128100557861,2,2,3.0,0.0,Resolved,BB003,2,0.913198491667808,0.67616165038503,Transfer recommended
2024-12-30,BB009,O-,Platelets,1,2.2769394712117386,2,0,1.0,1.2769394712117386,Network Uncovered,,0,0.0,0.0,External replenishment required
2024-11-05,BB010,A+,Platelets,6,9.86469225767046,4,4,10.0,0.0,Resolved,BB011,4,0.8026654180347926,0.5677989170231416,Transfer recommended
2024-11-06,BB010,A+,Platelets,0,9.503887468549237,10,1,1.0,8.503887468549237,Partially Resolved,BB004,1,0.9172006028262821,0.6852977619562275,Transfer plus external replenishment required
2024-11-07,BB010,A+,Platelets,0,9.503887468549237,10,10,10.0,0.0,Resolved,BB004,10,0.9075134901653233,0.7258072360174466,Transfer recommended
2024-11-08,BB010,A+,Platelets,0,10.154111804412667,11,11,11.0,0.0,Resolved,BB011,11,0.932393163252624,0.7146850414437758,Transfer recommended
2024-11-12,BB010,A+,Platelets,5,10.202312036104498,6,5,10.0,0.2023120361044981,Resolved,BB005,5,0.930196263024044,0.6362533592235978,Transfer recommended
2024-11-13,BB010,A+,Platelets,3,10.406989214901765,8,7,10.0,0.4069892149017651,Resolved,BB005,7,0.9415314643716596,0.6891556341862024,Transfer recommended
2024-11-14,BB010,A+,Platelets,4,10.454359397857669,7,7,11.0,0.0,Resolved,BB005,7,0.9419900217043768,0.7094142141881279,Transfer recommended
2024-11-16,BB010,A+,Platelets,7,9.57963912139169,3,3,10.0,0.0,Resolved,BB005,3,0.9300138956024467,0.5643275127910068,Transfer recommended
2024-11-17,BB010,A+,Platelets,2,9.625206218341795,8,8,10.0,0.0,Resolved,BB005,8,0.9391479149617264,0.6763335746246708,Transfer recommended
2024-11-18,BB010,A+,Platelets,7,9.755663256851744,3,3,10.0,0.0,Resolved,BB005,3,0.9510550644958148,0.6512766805288206,Transfer recommended
2024-11-21,BB010,A+,Platelets,2,8.745879474736618,7,6,8.0,0.7458794747366184,Resolved,BB005,6,0.9273701907839275,0.624465502961739,Transfer recommended
2024-12-26,BB010,A+,Platelets,8,11.386508057835295,4,1,9.0,2.386508057835295,Partially Resolved,BB006,1,0.9325328105571132,0.33702729758570016,Transfer plus external replenishment required
2024-12-27,BB010,A+,Platelets,4,11.998281707679046,8,8,12.0,0.0,Resolved,BB001,8,0.9467996178846014,0.6700268952497934,Transfer recommended
2024-11-30,BB010,A-,Platelets,0,1.0001808058016113,2,0,0.0,1.0001808058016113,Network Uncovered,,0,0.0,0.0,External replenishment required
2024-10-01,BB010,AB+,Platelets,0,3.090808706939818,4,4,4.0,0.0,Resolved,BB003,4,0.9131362799659346,0.6839723819034347,Transfer recommended
2024-10-02,BB010,AB+,Platelets,0,2.775041381785618,3,3,3.0,0.0,Resolved,BB003,3,0.928517331180972,0.680600907135259,Transfer recommended
2024-10-03,BB010,AB+,Platelets,0,3.090808706939818,4,4,4.0,0.0,Resolved,BB004,4,0.9441921154500154,0.6833927970128729,Transfer recommended
2024-10-04,BB010,AB+,Platelets,0,3.065185889140663,4,4,4.0,0.0,Resolved,BB004,4,0.9371364742255818,0.6818308799358697,Transfer recommended
2024-10-05,BB010,AB+,Platelets,0,2.974886712533991,3,3,3.0,0.0,Resolved,BB004,3,0.9552955650582873,0.679296391548758,Transfer recommended
2024-10-06,BB010,AB+,Platelets,1,2.9950345902527036,2,2,3.0,0.0,Resolved,BB004,2,0.9462172701484473,0.6755971165232781,Transfer recommended
2024-11-04,BB010,AB+,Platelets,2,3.1654384261078965,2,2,4.0,0.0,Resolved,BB001,2,0.9184634205455803,0.39118625255441786,Transfer recommended
2024-11-05,BB010,AB+,Platelets,2,3.6068957601550147,2,2,4.0,0.0,Resolved,BB006,2,0.9191584583161604,0.600299791876586,Transfer recommended
2024-11-07,BB010,AB+,Platelets,1,3.253067189670001,3,3,4.0,0.0,Resolved,BB005,3,0.9105702232889322,0.5955208189651171,Transfer recommended
2024-11-09,BB010,AB+,Platelets,1,3.121668678640067,3,3,4.0,0.0,Resolved,BB005,3,0.9388313128423624,0.6073570860970186,Transfer recommended
2024-12-02,BB010,AB+,Platelets,0,3.2809248031010347,4,4,4.0,0.0,Resolved,BB003,4,0.9355397167897354,0.6226313180960246,Transfer recommended
2024-12-03,BB010,AB+,Platelets,0,4.04463363483019,5,5,5.0,0.0,Resolved,BB003,5,0.9351952319972501,0.6868384891994781,Transfer recommended
2024-12-04,BB010,AB+,Platelets,1,3.910766738231967,3,3,4.0,0.0,Resolved,BB003,3,0.9240208851252641,0.6876640329969164,Transfer recommended
2024-12-05,BB010,AB+,Platelets,0,4.020282229334556,5,5,5.0,0.0,Resolved,BB003,5,0.9215181823008547,0.6781651312391543,Transfer recommended
2024-12-06,BB010,AB+,Platelets,0,4.044939558252674,5,5,5.0,0.0,Resolved,BB003,5,0.9140463983885792,0.6901790187037953,Transfer recommended
2024-12-07,BB010,AB+,Platelets,0,4.282535200161282,5,5,5.0,0.0,Resolved,BB004,5,0.9107523542709898,0.6926033221721704,Transfer recommended
2024-12-10,BB010,AB+,Platelets,3,4.446990677929088,2,2,5.0,0.0,Resolved,BB003,2,0.9315915168804871,0.5962092410386716,Transfer recommended
2024-12-11,BB010,AB+,Platelets,3,4.446990677929088,2,2,5.0,0.0,Resolved,BB003,2,0.9175769993580485,0.6095470211967364,Transfer recommended
2024-12-12,BB010,AB+,Platelets,2,4.398466506055775,3,3,5.0,0.0,Resolved,BB003,3,0.9147022745020987,0.6622740881123172,Transfer recommended
2024-12-13,BB010,AB+,Platelets,2,4.256084903206418,3,3,5.0,0.0,Resolved,BB003,3,0.9041171346691739,0.6677711100214672,Transfer recommended
2024-10-05,BB010,B+,Platelets,9,10.181176040372838,2,2,11.0,0.0,Resolved,BB001,2,0.9358640532113586,0.24254088007529861,Transfer recommended
2024-11-08,BB010,B+,Platelets,7,10.11468552883197,4,1,8.0,2.11468552883197,Partially Resolved,BB011,1,0.8444937577078909,0.4985907499945666,Transfer plus external replenishment required
2024-11-09,BB010,B+,Platelets,7,10.275318662463414,4,4,11.0,0.0,Resolved,BB011,4,0.8902151675932193,0.5954701418629242,Transfer recommended
2024-11-10,BB010,B+,Platelets,6,10.549494732074061,5,4,10.0,0.5494947320740611,Resolved,BB006,4,0.9188155644415675,0.6645014295983454,Transfer recommended
2024-11-11,BB010,B+,Platelets,2,10.572091726652852,9,6,8.0,2.572091726652852,Partially Resolved,BB006,6,0.9191972310883785,0.6994864085382351,Transfer plus external replenishment required
2024-11-12,BB010,B+,Platelets,0,10.605692636859615,11,11,11.0,0.0,Resolved,BB011,11,0.912035988807888,0.7255490088834349,Transfer recommended
2024-11-13,BB010,B+,Platelets,0,10.685285590753763,11,11,11.0,0.0,Resolved,BB011,11,0.9448218294676746,0.7278115118468311,Transfer recommended
2024-11-14,BB010,B+,Platelets,0,10.351957879129449,11,11,11.0,0.0,Resolved,BB006,11,0.8348417540434453,0.7298211411776607,Transfer recommended
2024-11-15,BB010,B+,Platelets,0,10.159104241252779,11,11,11.0,0.0,Resolved,BB006,11,0.9371937775340556,0.727250508517147,Transfer recommended
2024-11-16,BB010,B+,Platelets,1,9.88651548537098,9,9,10.0,0.0,Resolved,BB006,9,0.9400047795784879,0.7229026620266776,Transfer recommended
2024-11-23,BB010,B+,Platelets,5,10.721983351302447,6,6,11.0,0.0,Resolved,BB005,6,0.9235901114559838,0.4340813386780542,Transfer recommended
2024-11-24,BB010,B+,Platelets,1,11.089563296148272,11,9,10.0,1.0895632961482722,Partially Resolved,BB005,9,0.9337957080598593,0.6803145219974776,Transfer plus external replenishment required
2024-11-25,BB010,B+,Platelets,3,10.7377649783604,8,8,11.0,0.0,Resolved,BB005,8,0.9123320203238388,0.7262093982175479,Transfer recommended
2024-11-26,BB010,B+,Platelets,5,10.677940647894284,6,6,11.0,0.0,Resolved,BB005,6,0.9331348214368804,0.7178018523534782,Transfer recommended
2024-11-27,BB010,B+,Platelets,4,10.54277817020004,7,7,11.0,0.0,Resolved,BB005,7,0.9390831816793509,0.6871934005791982,Transfer recommended
2024-11-28,BB010,B+,Platelets,8,10.259557365522056,3,3,11.0,0.0,Resolved,BB003,3,0.9341013787530805,0.6442166145310956,Transfer recommended
2024-11-29,BB010,B+,Platelets,7,10.088799998111968,4,4,11.0,0.0,Resolved,BB005,4,0.9269815127001308,0.5808014854729446,Transfer recommended
2024-11-30,BB010,B+,Platelets,6,10.158110302345913,5,5,11.0,0.0,Resolved,BB011,5,0.9282964891391008,0.6418253262271336,Transfer recommended
2024-12-01,BB010,B+,Platelets,0,10.196482639116573,11,11,11.0,0.0,Resolved,BB011,11,0.9288437010020356,0.7052908722251561,Transfer recommended
2024-12-15,BB010,B+,Platelets,6,12.123026985586097,7,6,12.0,0.12302698558609748,Resolved,BB005,6,0.9426558199179941,0.36796146954770714,Transfer recommended
2024-12-16,BB010,B+,Platelets,0,12.672148998503193,13,13,13.0,0.0,Resolved,BB009,13,0.947994770841994,0.7363752666772627,Transfer recommended
2024-12-17,BB010,B+,Platelets,4,12.679629376804607,9,9,13.0,0.0,Resolved,BB009,9,0.9493725191310965,0.7499544843749011,Transfer recommended
2024-12-18,BB010,B+,Platelets,0,12.756150744265055,13,13,13.0,0.0,Resolved,BB009,13,0.9559503377482955,0.7405672272387158,Transfer recommended
2024-12-19,BB010,B+,Platelets,0,12.471016683735186,13,13,13.0,0.0,Resolved,BB009,13,0.9184231392806981,0.7553330659891511,Transfer recommended
2024-12-20,BB010,B+,Platelets,5,12.338632821755,8,8,13.0,0.0,Resolved,BB003,8,0.9245968642416018,0.7549560938321485,Transfer recommended
2024-12-29,BB010,B+,Platelets,0,12.583538485159977,13,13,13.0,0.0,Resolved,BB004,13,0.9382855256214867,0.6452496405840573,Transfer recommended
2024-12-30,BB010,B+,Platelets,1,13.826817398001763,13,13,14.0,0.0,Resolved,BB004,13,0.9503648763939112,0.751154603070634,Transfer recommended
2024-12-24,BB010,B-,FFP,0,1.0324473263224012,2,0,0.0,1.0324473263224012,Network Uncovered,,0,0.0,0.0,External replenishment required
2024-10-09,BB010,B-,PRBC,1,2.790588864031476,2,2,3.0,0.0,Resolved,BB011,2,0.8625238379364941,0.6332246088908151,Transfer recommended
2024-10-10,BB010,B-,PRBC,1,2.6663642877431184,2,2,3.0,0.0,Resolved,BB011,2,0.8597907643064415,0.6621875518386714,Transfer recommended
2024-11-15,BB010,B-,Platelets,0,1.0009976515547743,2,0,0.0,1.0009976515547743,Network Uncovered,,0,0.0,0.0,External replenishment required
2024-12-22,BB010,B-,Platelets,0,1.117638799611126,2,0,0.0,1.117638799611126,Network Uncovered,,0,0.0,0.0,External replenishment required
2024-12-26,BB010,B-,Platelets,0,1.1999606430483207,2,0,0.0,1.1999606430483207,Network Uncovered,,0,0.0,0.0,External replenishment required
2024-10-02,BB010,O+,Platelets,9,17.068647221108503,9,9,18.0,0.0,Resolved,BB007,9,0.9612393225503778,0.315503990128848,Transfer recommended
2024-10-03,BB010,O+,Platelets,14,18.746129258032667,5,5,19.0,0.0,Resolved,BB007,5,0.9472170352331203,0.7290313522773645,Transfer recommended
2024-10-04,BB010,O+,Platelets,0,18.63859060280355,19,19,19.0,0.0,Resolved,BB007,19,0.9388228976695719,0.7618704756739016,Transfer recommended
2024-10-05,BB010,O+,Platelets,0,17.338176202997825,18,18,18.0,0.0,Resolved,BB006,18,0.944954172257364,0.8084735471094127,Transfer recommended
2024-10-08,BB010,O+,Platelets,14,18.55339285045183,5,5,19.0,0.0,Resolved,BB003,5,0.8893882006496594,0.5867348987686319,Transfer recommended
2024-10-09,BB010,O+,Platelets,4,18.309377833019198,15,15,19.0,0.0,Resolved,BB004,15,0.8970865358793533,0.7807682423760534,Transfer recommended
2024-10-10,BB010,O+,Platelets,1,18.476289772515425,18,17,18.0,0.47628977251542537,Resolved,BB012,17,0.9288512625655826,0.8114324825571166,Transfer recommended
2024-10-11,BB010,O+,Platelets,0,18.545439092055386,19,19,19.0,0.0,Resolved,BB012,19,0.9323156427151741,0.8118358327457968,Transfer recommended
2024-10-14,BB010,O+,Platelets,17,18.208010710852996,2,2,19.0,0.0,Resolved,BB003,2,0.9306214543406944,0.6296034715244897,Transfer recommended
2024-10-31,BB010,O+,Platelets,8,17.77305372993802,10,10,18.0,0.0,Resolved,BB011,10,0.792035147335429,0.57222330875877,Transfer recommended
2024-11-01,BB010,O+,Platelets,13,17.879216923709148,5,5,18.0,0.0,Resolved,BB011,5,0.9211216265922333,0.7009262754789432,Transfer recommended
2024-11-02,BB010,O+,Platelets,11,17.739817246725227,7,7,18.0,0.0,Resolved,BB011,7,0.9518398796957942,0.6979472857991178,Transfer recommended
2024-11-03,BB010,O+,Platelets,10,17.51171620495468,8,8,18.0,0.0,Resolved,BB011,8,0.9582224008413446,0.7137099227691764,Transfer recommended
2024-11-04,BB010,O+,Platelets,4,17.656601897923057,14,14,18.0,0.0,Resolved,BB011,14,0.9476914487812241,0.7440180310714908,Transfer recommended
2024-11-05,BB010,O+,Platelets,0,17.343635620275144,18,18,18.0,0.0,Resolved,BB011,18,0.9475383838020007,0.7760241320373973,Transfer recommended
2024-11-06,BB010,O+,Platelets,0,17.343635620275144,18,6,6.0,11.343635620275144,Partially Resolved,BB011,6,0.9420897723095571,0.8015274652228843,Transfer plus external replenishment required
2024-11-07,BB010,O+,Platelets,0,17.44226885026861,18,18,18.0,0.0,Resolved,BB002,18,0.9392005601860086,0.7913270671573465,Transfer recommended
2024-11-11,BB010,O+,Platelets,7,17.700484478772147,11,10,17.0,0.7004844787721467,Resolved,BB001,10,0.942618056285539,0.6599946377163024,Transfer recommended
2024-11-12,BB010,O+,Platelets,0,17.86174375136783,18,18,18.0,0.0,Resolved,BB001,18,0.9498566434948971,0.7692996173491622,Transfer recommended
2024-11-13,BB010,O+,Platelets,0,18.369835956075253,19,19,19.0,0.0,Resolved,BB011,19,0.9371227394735913,0.7955348186171722,Transfer recommended
2024-11-14,BB010,O+,Platelets,1,17.974751190038166,17,17,18.0,0.0,Resolved,BB011,17,0.9481923686587472,0.8127921416689452,Transfer recommended
2024-11-15,BB010,O+,Platelets,0,17.834699445121657,18,12,12.0,5.834699445121657,Partially Resolved,BB011,12,0.941742365108239,0.7870128836430239,Transfer plus external replenishment required
2024-11-16,BB010,O+,Platelets,4,17.113074241646814,14,14,18.0,0.0,Resolved,BB001,14,0.9309658479192945,0.7748416057186138,Transfer recommended
2024-11-17,BB010,O+,Platelets,15,17.06336198308311,3,3,18.0,0.0,Resolved,BB001,3,0.9467200740356423,0.7019389570444887,Transfer recommended
2024-11-18,BB010,O+,Platelets,16,17.49219090840717,2,2,18.0,0.0,Resolved,BB007,2,0.8966749783410933,0.594133821784699,Transfer recommended
2024-11-19,BB010,O+,Platelets,10,17.1450824381579,8,4,14.0,3.1450824381578997,Partially Resolved,BB001,4,0.8939278171980123,0.6377070052358704,Transfer plus external replenishment required
2024-11-21,BB010,O+,Platelets,6,17.680191159003222,12,2,8.0,9.680191159003222,Partially Resolved,BB001,2,0.9196810705043749,0.693225565535724,Transfer plus external replenishment required
2024-11-22,BB010,O+,Platelets,6,17.714517684468234,12,9,15.0,2.714517684468234,Partially Resolved,BB001,9,0.9255851517720518,0.7538658864945067,Transfer plus external replenishment required
2024-11-23,BB010,O+,Platelets,1,17.912485680598675,17,17,18.0,0.0,Resolved,BB001,17,0.8407187430642531,0.7602092401245595,Transfer recommended
2024-11-24,BB010,O+,Platelets,0,17.984857649761512,18,18,18.0,0.0,Resolved,BB002,18,0.9183879148091126,0.7905505136920541,Transfer recommended
2024-11-25,BB010,O+,Platelets,0,17.842758117446145,18,18,18.0,0.0,Resolved,BB002,18,0.9437476647328914,0.8026974891022811,Transfer recommended
2024-11-26,BB010,O+,Platelets,0,17.755831033682906,18,18,18.0,0.0,Resolved,BB002,18,0.9543458407114823,0.7831625238350874,Transfer recommended
2024-11-27,BB010,O+,Platelets,16,17.05837571478373,2,2,18.0,0.0,Resolved,BB002,2,0.9601368543515819,0.7012386557959326,Transfer recommended
2024-11-28,BB010,O+,Platelets,7,18.463440493856865,12,12,19.0,0.0,Resolved,BB002,12,0.9475286015003598,0.7041018056067714,Transfer recommended
2024-11-29,BB010,O+,Platelets,8,17.117593114196637,10,10,18.0,0.0,Resolved,BB002,10,0.9426948079692862,0.7474771515278231,Transfer recommended
2024-12-06,BB010,O+,Platelets,13,19.477023466570632,7,7,20.0,0.0,Resolved,BB008,7,0.9452016811200937,0.5922142535581637,Transfer recommended
2024-12-07,BB010,O+,Platelets,17,19.500370010835347,3,3,20.0,0.0,Resolved,BB001,3,0.8991581689205945,0.7073071912528698,Transfer recommended
2024-12-08,BB010,O+,Platelets,15,19.817659451830632,5,5,20.0,0.0,Resolved,BB001,5,0.9320324070308016,0.6958985780430192,Transfer recommended
2024-12-09,BB010,O+,Platelets,18,19.17102926589946,2,2,20.0,0.0,Resolved,BB009,2,0.9441413864455857,0.6466744469538128,Transfer recommended
2024-10-01,BB010,O-,Platelets,0,1.6686563545982835,2,2,2.0,0.0,Resolved,BB008,2,0.7967084907576826,0.6691951700595707,Transfer recommended
2024-10-06,BB010,O-,Platelets,0,1.5254910992452344,2,2,2.0,0.0,Resolved,BB006,2,0.9146485823082341,0.6220364066811206,Transfer recommended
2024-10-07,BB010,O-,Platelets,0,1.6968871084619843,2,2,2.0,0.0,Resolved,BB007,2,0.9405254096855152,0.6677594960845646,Transfer recommended
2024-10-25,BB010,O-,Platelets,0,1.6138255804239965,2,2,2.0,0.0,Resolved,BB005,2,0.9190532657668002,0.371953112970806,Transfer recommended
2024-10-26,BB010,O-,Platelets,0,1.5547539685269263,2,2,2.0,0.0,Resolved,BB005,2,0.9106972802307873,0.6661917670234039,Transfer recommended
2024-10-27,BB010,O-,Platelets,0,1.5593543639997804,2,2,2.0,0.0,Resolved,BB007,2,0.9212314920135639,0.6633012419530592,Transfer recommended
2024-10-28,BB010,O-,Platelets,0,1.3962623631698214,2,2,2.0,0.0,Resolved,BB007,2,0.9273170805647492,0.6590785574992749,Transfer recommended
2024-11-13,BB010,O-,Platelets,0,1.4711729239682907,2,0,0.0,1.4711729239682907,Network Uncovered,,0,0.0,0.0,External replenishment required
2024-11-15,BB010,O-,Platelets,0,1.403272270741682,2,0,0.0,1.403272270741682,Network Uncovered,,0,0.0,0.0,External replenishment required
2024-11-17,BB010,O-,Platelets,0,1.4421960049200402,2,0,0.0,1.4421960049200402,Network Uncovered,,0,0.0,0.0,External replenishment required
2024-11-18,BB010,O-,Platelets,0,1.3469483476799333,2,0,0.0,1.3469483476799333,Network Uncovered,,0,0.0,0.0,External replenishment required
2024-11-22,BB010,O-,Platelets,0,1.650775599254436,2,2,2.0,0.0,Resolved,BB006,2,0.9331427853502201,0.6429674066819782,Transfer recommended
2024-12-10,BB010,O-,Platelets,0,2.1474309875046558,3,0,0.0,2.1474309875046558,Network Uncovered,,0,0.0,0.0,External replenishment required
2024-12-11,BB010,O-,Platelets,0,2.3188600162359974,3,0,0.0,2.3188600162359974,Network Uncovered,,0,0.0,0.0,External replenishment required
2024-12-13,BB010,O-,Platelets,0,2.378425164094466,3,3,3.0,0.0,Resolved,BB005,3,0.6684910203422435,0.35694886148418625,Transfer recommended
2024-12-30,BB010,O-,Platelets,0,2.3188600162359974,3,0,0.0,2.3188600162359974,Network Uncovered,,0,0.0,0.0,External replenishment required
2024-10-13,BB011,A+,Platelets,0,4.2686090257675176,5,5,5.0,0.0,Resolved,BB004,5,0.9288318411939928,0.26051190233398186,Transfer recommended
2024-10-14,BB011,A+,Platelets,0,4.519946064329284,5,5,5.0,0.0,Resolved,BB003,5,0.9192274415568409,0.6866364249626516,Transfer recommended
2024-10-15,BB011,A+,Platelets,0,4.6044521242868335,5,5,5.0,0.0,Resolved,BB005,5,0.9211939038664666,0.6891471652085139,Transfer recommended
2024-10-16,BB011,A+,Platelets,0,4.598945494551508,5,5,5.0,0.0,Resolved,BB005,5,0.9218544237416036,0.6894851001783844,Transfer recommended
2024-10-17,BB011,A+,Platelets,0,4.645705849629296,5,5,5.0,0.0,Resolved,BB002,5,0.9401424247580134,0.6877112642148493,Transfer recommended
2024-10-18,BB011,A+,Platelets,0,4.718363578569992,5,5,5.0,0.0,Resolved,BB002,5,0.9279576943969648,0.6900342769323156,Transfer recommended
2024-10-21,BB011,A+,Platelets,0,4.597613158896334,5,1,1.0,3.5976131588963343,Partially Resolved,BB002,1,0.9221597720284117,0.6082405759562903,Transfer plus external replenishment required
2024-10-22,BB011,A+,Platelets,3,5.3450485234138245,3,3,6.0,0.0,Resolved,BB007,3,0.9368887065714642,0.6669480902970881,Transfer recommended
2024-10-23,BB011,A+,Platelets,3,5.3450485234138245,3,3,6.0,0.0,Resolved,BB001,3,0.9007477001454149,0.6266857150565438,Transfer recommended
2024-10-24,BB011,A+,Platelets,4,5.3450485234138245,2,2,6.0,0.0,Resolved,BB010,2,0.9173549232068685,0.5830629635636148,Transfer recommended
2024-10-25,BB011,A+,Platelets,2,5.746206030450377,4,4,6.0,0.0,Resolved,BB001,4,0.9444986974116489,0.631656788061004,Transfer recommended
2024-10-27,BB011,A+,Platelets,4,5.782947679782501,2,2,6.0,0.0,Resolved,BB001,2,0.6422253180614321,0.46072562605601,Transfer recommended
2024-10-28,BB011,A+,Platelets,2,5.6910054740015195,4,4,6.0,0.0,Resolved,BB002,4,0.7566101463231326,0.6197407996542882,Transfer recommended
2024-12-03,BB011,A+,Platelets,2,5.656629490949879,4,4,6.0,0.0,Resolved,BB003,4,0.8685344203174336,0.6077430204023633,Transfer recommended
2024-12-27,BB011,A+,Platelets,4,5.594017651762286,2,2,6.0,0.0,Resolved,BB001,2,0.9467996178846014,0.4650555425555221,Transfer recommended
2024-12-28,BB011,A+,Platelets,4,5.573869774043574,2,2,6.0,0.0,Resolved,BB001,2,0.9557647307228601,0.5642165943382231,Transfer recommended
2024-12-29,BB011,A+,Platelets,4,5.700934891049627,2,2,6.0,0.0,Resolved,BB009,2,0.9448945012957459,0.5816958066794522,Transfer recommended
2024-12-30,BB011,A+,Platelets,4,5.9569879651809226,2,2,6.0,0.0,Resolved,BB001,2,0.9524497857439819,0.5848121622979638,Transfer recommended
2024-10-14,BB011,AB+,Platelets,0,1.465033086485762,2,2,2.0,0.0,Resolved,BB007,2,0.92527260610294,0.6122855757563319,Transfer recommended
2024-10-15,BB011,AB+,Platelets,0,1.465033086485762,2,2,2.0,0.0,Resolved,BB007,2,0.9261994370391993,0.6667274106576871,Transfer recommended
2024-11-02,BB011,AB+,Platelets,0,1.1363019148340203,2,2,2.0,0.0,Resolved,BB009,2,0.9306057968048812,0.48241556249039,Transfer recommended
2024-11-04,BB011,AB+,Platelets,0,1.2285555585880734,2,2,2.0,0.0,Resolved,BB001,2,0.9184634205455803,0.5641341664469754,Transfer recommended
2024-11-05,BB011,AB+,Platelets,0,1.236751355927739,2,2,2.0,0.0,Resolved,BB006,2,0.9191584583161604,0.656927920422864,Transfer recommended
2024-11-06,BB011,AB+,Platelets,0,1.323286001860463,2,2,2.0,0.0,Resolved,BB001,2,0.8929980744220823,0.6554282417766679,Transfer recommended
2024-11-07,BB011,AB+,Platelets,0,1.2756750901060971,2,2,2.0,0.0,Resolved,BB005,2,0.9105702232889322,0.6483545158555613,Transfer recommended
2024-11-08,BB011,AB+,Platelets,0,1.0731034175901148,2,2,2.0,0.0,Resolved,BB007,2,0.9402816895568181,0.6479795094208061,Transfer recommended
2024-11-10,BB011,AB+,Platelets,0,1.0009976515547743,2,2,2.0,0.0,Resolved,BB005,2,0.9364241867609204,0.5769013937736895,Transfer recommended
2024-11-12,BB011,AB+,Platelets,0,1.0009976515547743,2,2,2.0,0.0,Resolved,BB007,2,0.9372614119294725,0.6471169909677148,Transfer recommended
2024-11-16,BB011,AB+,Platelets,0,1.084183104581004,2,2,2.0,0.0,Resolved,BB006,2,0.9063501450418447,0.5393060141139016,Transfer recommended
2024-11-19,BB011,AB+,Platelets,0,1.323286001860463,2,2,2.0,0.0,Resolved,BB005,2,0.8718753600900402,0.49911917467733136,Transfer recommended
2024-11-20,BB011,AB+,Platelets,0,1.3858720818582915,2,2,2.0,0.0,Resolved,BB005,2,0.9073008455285569,0.642781969438927,Transfer recommended
2024-11-21,BB011,AB+,Platelets,0,1.236751355927739,2,2,2.0,0.0,Resolved,BB005,2,0.9176370024606572,0.6396534661937101,Transfer recommended
2024-11-22,BB011,AB+,Platelets,0,1.2055237912181382,2,2,2.0,0.0,Resolved,BB005,2,0.9291346074627764,0.6371919859828667,Transfer recommended
2024-11-23,BB011,AB+,Platelets,0,1.0529555398714028,2,2,2.0,0.0,Resolved,BB005,2,0.9212897425465407,0.6419092713032438,Transfer recommended
2024-12-23,BB011,AB+,Platelets,0,1.796230256025697,2,2,2.0,0.0,Resolved,BB003,2,0.9087488534303407,0.49824658128340665,Transfer recommended
2024-12-24,BB011,AB+,Platelets,1,2.0118166864561404,2,2,3.0,0.0,Resolved,BB003,2,0.9120570446412752,0.6683164200334684,Transfer recommended
2024-12-26,BB011,AB+,Platelets,1,2.0118166864561404,2,2,3.0,0.0,Resolved,BB010,2,0.6253534046603545,0.6104099599519233,Transfer recommended
2024-12-27,BB011,AB+,Platelets,1,2.0118166864561404,2,2,3.0,0.0,Resolved,BB010,2,0.8568593987384475,0.6541906126503192,Transfer recommended
2024-12-16,BB011,B+,Platelets,5,7.81296514232541,3,3,8.0,0.0,Resolved,BB009,3,0.947994770841994,0.4907639475988391,Transfer recommended
2024-12-17,BB011,B+,Platelets,2,7.755164808631505,6,6,8.0,0.0,Resolved,BB009,6,0.9493725191310965,0.6350247773032152,Transfer recommended
2024-12-18,BB011,B+,Platelets,2,8.295800994624994,7,6,8.0,0.29580099462499376,Resolved,BB009,6,0.9559503377482955,0.692275614577091,Transfer recommended
2024-12-19,BB011,B+,Platelets,2,7.621525651682039,6,6,8.0,0.0,Resolved,BB009,6,0.9184231392806981,0.6887166399640562,Transfer recommended
2024-12-20,BB011,B+,Platelets,1,7.292587611209916,7,7,8.0,0.0,Resolved,BB003,7,0.9245968642416018,0.6949150377172013,Transfer recommended
2024-12-21,BB011,B+,Platelets,0,6.6640651281428225,7,7,7.0,0.0,Resolved,BB003,7,0.9309108454461315,0.6917870198808501,Transfer recommended
2024-12-22,BB011,B+,Platelets,0,7.381784642421254,8,8,8.0,0.0,Resolved,BB007,8,0.9497985145202774,0.7058896016069987,Transfer recommended
2024-12-23,BB011,B+,Platelets,0,7.38409962566692,8,8,8.0,0.0,Resolved,BB007,8,0.9512119733435788,0.715847748844866,Transfer recommended
2024-12-25,BB011,B+,Platelets,7,9.274237491589888,3,3,10.0,0.0,Resolved,BB005,3,0.9546105336361973,0.5709426039372277,Transfer recommended
2024-10-18,BB011,O+,Platelets,1,9.745174085803713,9,9,10.0,0.0,Resolved,BB001,9,0.9490254526504028,0.25778819734473535,Transfer recommended
2024-10-19,BB011,O+,Platelets,5,10.29791782501654,6,6,11.0,0.0,Resolved,BB006,6,0.9378306731189295,0.7125728945979082,Transfer recommended
2024-10-20,BB011,O+,Platelets,5,10.662360534768968,6,6,11.0,0.0,Resolved,BB007,6,0.9327503306753915,0.6946065785097565,Transfer recommended
2024-12-11,BB011,O-,Platelets,0,1.0599780678880575,2,0,0.0,1.0599780678880575,Network Uncovered,,0,0.0,0.0,External replenishment required
2024-12-12,BB011,O-,Platelets,0,1.0599780678880575,2,0,0.0,1.0599780678880575,Network Uncovered,,0,0.0,0.0,External replenishment required
2024-12-28,BB011,O-,Platelets,0,1.0402840885263474,2,0,0.0,1.0402840885263474,Network Uncovered,,0,0.0,0.0,External replenishment required
2024-12-13,BB012,A+,Platelets,0,2.579747404570214,3,3,3.0,0.0,Resolved,BB010,3,0.9406650342504909,0.5880212826687411,Transfer recommended
2024-12-14,BB012,A+,Platelets,0,2.377208458379962,3,3,3.0,0.0,Resolved,BB010,3,0.9474654510400778,0.6730235706875938,Transfer recommended
2024-12-15,BB012,A+,Platelets,0,2.4420728060070034,3,3,3.0,0.0,Resolved,BB010,3,0.9474942081134305,0.6766933614792381,Transfer recommended
2024-12-08,BB012,AB+,PRBC,0,2.1233328423990208,3,3,3.0,0.0,Resolved,BB011,3,0.6818297642180366,0.6490395999543545,Transfer recommended
2024-12-09,BB012,AB+,PRBC,0,2.2705779126037657,3,3,3.0,0.0,Resolved,BB002,3,0.6550864378695922,0.6725369230856163,Transfer recommended
2024-12-10,BB012,AB+,PRBC,0,2.329332179097665,3,3,3.0,0.0,Resolved,BB011,3,0.6846683986561771,0.6743171439002542,Transfer recommended
2024-12-13,BB012,AB+,PRBC,1,2.447786030984375,2,2,3.0,0.0,Resolved,BB011,2,0.7470440446688166,0.6372946522929358,Transfer recommended
2024-12-14,BB012,AB+,PRBC,0,2.4723546231739912,3,3,3.0,0.0,Resolved,BB011,3,0.7530512498459809,0.652301833294356,Transfer recommended
2024-12-15,BB012,AB+,PRBC,0,2.4925025008927038,3,3,3.0,0.0,Resolved,BB011,3,0.7353967590572289,0.6794071910574879,Transfer recommended
2024-12-16,BB012,AB+,PRBC,1,2.6413159651588503,2,2,3.0,0.0,Resolved,BB011,2,0.7094475070997722,0.6783575781423674,Transfer recommended
2024-11-04,BB012,B+,Platelets,1,2.3236317044209627,2,2,3.0,0.0,Resolved,BB004,2,0.9436781840670395,0.5556811880041734,Transfer recommended
2024-11-22,BB012,O+,Platelets,1,3.8094852774842414,3,3,4.0,0.0,Resolved,BB008,3,0.9153523467325768,0.5985039639408185,Transfer recommended
2024-11-23,BB012,O+,Platelets,2,3.7563607101380745,2,2,4.0,0.0,Resolved,BB011,2,0.7715953104081206,0.6429352868731075,Transfer recommended
2024-12-01,BB012,O+,Platelets,0,3.8570054253395853,4,4,4.0,0.0,Resolved,BB002,4,0.939103518377453,0.567529027076142,Transfer recommended
2024-12-02,BB012,O+,Platelets,2,3.928696532394874,2,2,4.0,0.0,Resolved,BB002,2,0.9387861341101745,0.6796796934127292,Transfer recommended
2024-12-23,BB012,O+,Platelets,3,4.830293761069136,2,2,5.0,0.0,Resolved,BB004,2,0.9430632421336067,0.5454110305754036,Transfer recommended
